mode,band_index,wavelength_nm,denominator_mean,denominator_std,denominator_min,denominator_q01,denominator_q05,denominator_nonpositive_fraction,denominator_below_floor_fraction,snr_proxy,low_snr,white_max,dark_max,white_at_dtype_max_fraction,dark_at_dtype_max_fraction,retained
200,0,913.1,2485.0125,167.94180493179772,2313.0,2327.0,2352.0,0.0,0.0,14.796866694443144,False,7247.0,3742.0,0.0,0.0,True
200,1,919.43,3746.7,184.30191941485577,3212.0,3511.38,3536.85,0.0,0.0,20.32914259328096,False,8201.0,4039.0,0.0,0.0,True
200,2,925.77,5852.075,162.91013818973943,5531.0,5612.0,5650.95,0.0,0.0,35.92210444990308,False,10362.0,4003.0,0.0,0.0,True
200,3,932.1,8320.390625,132.43121058538043,8058.0,8102.85,8153.95,0.0,0.0,62.82801907663341,False,12924.0,4531.0,0.0,0.0,True
200,4,938.43,10620.925,149.70590126978962,10122.0,10242.32,10337.95,0.0,0.0,70.94526608446539,False,14887.0,3884.0,0.0,0.0,True
200,5,944.77,12455.009375,292.3317302947276,11694.0,11785.66,11946.7,0.0,0.0,42.605738906422744,False,18422.0,3825.0,0.0,0.0,True
200,6,951.1,13974.290625,443.99761391488283,13045.0,13089.76,13265.9,0.0,0.0,31.473796676031075,False,20946.0,4000.0,0.0,0.0,True
200,7,957.44,15074.98125,435.93804708747035,13996.0,14056.76,14225.85,0.0,0.0,34.58055875305417,False,21314.0,3945.0,0.0,0.0,True
200,8,963.77,16090.3875,474.486564450196,14875.0,14986.94,15117.85,0.0,0.0,33.91115514228407,False,21536.0,3738.0,0.0,0.0,True
200,9,970.1,16873.696875,507.37431201257556,15577.0,15705.59,15899.45,0.0,0.0,33.25690023223277,False,22286.0,3871.0,0.0,0.0,True
200,10,976.43,17609.64375,520.3986854671498,16405.0,16424.09,16579.5,0.0,0.0,33.83875525010636,False,24187.0,3777.0,0.0,0.0,True
200,11,982.77,18212.2125,579.578132000984,16815.0,16969.07,17150.0,0.0,0.0,31.423222330909212,False,25183.0,4696.0,0.0,0.0,True
200,12,989.1,18863.115625,528.5339237039184,17585.0,17679.61,17883.75,0.0,0.0,35.6895078613099,False,25430.0,3885.0,0.0,0.0,True
200,13,995.43,19352.634375,496.9421879790036,18039.0,18145.57,18362.7,0.0,0.0,38.943432139872236,False,24241.0,3919.0,0.0,0.0,True
200,14,1001.76,19877.865625,487.1652094704212,18625.0,18727.55,18966.35,0.0,0.0,40.80313051625429,False,25583.0,3804.0,0.0,0.0,True
200,15,1008.09,20287.05,467.81972756607854,18979.0,19113.5,19394.75,0.0,0.0,43.36510156497078,False,26177.0,4002.0,0.0,0.0,True
200,16,1014.42,20768.528125,485.5611307641751,19585.0,19752.56,19922.55,0.0,0.0,42.77222126967719,False,27576.0,3798.0,0.0,0.0,True
200,17,1020.75,21134.990625,500.52292333829166,19648.0,20082.42,20300.9,0.0,0.0,42.225819516992054,False,28616.0,4009.0,0.0,0.0,True
200,18,1027.08,21610.303125,387.44630110537173,20584.0,20707.61,20883.85,0.0,0.0,55.7762535436432,False,28067.0,3775.0,0.0,0.0,True
200,19,1033.41,22110.2,393.8332578642896,21063.0,21222.95,21431.85,0.0,0.0,56.141017952371264,False,28850.0,3851.0,0.0,0.0,True
200,20,1039.74,22819.28125,487.62371727433185,21733.0,21798.09,22055.3,0.0,0.0,46.79690597814394,False,30597.0,4015.0,0.0,0.0,True
200,21,1046.07,23385.4375,448.3009129967839,22262.0,22539.14,22777.95,0.0,0.0,52.16459931717274,False,30279.0,3803.0,0.0,0.0,True
200,22,1052.4,24180.0125,475.4215430475885,23101.0,23284.8,23479.75,0.0,0.0,50.86015317059284,False,32350.0,3999.0,0.0,0.0,True
200,23,1058.73,24799.696875,349.76831437429314,23759.0,23900.43,24164.65,0.0,0.0,70.90321179997267,False,30457.0,3823.0,0.0,0.0,True
200,24,1065.05,25623.34375,321.2654577385149,24482.0,24771.65,24985.95,0.0,0.0,79.75754359142877,False,30973.0,3777.0,0.0,0.0,True
200,25,1071.38,26400.33125,399.17332892295985,25183.0,25431.84,25749.8,0.0,0.0,66.13751304785991,False,34068.0,3835.0,0.0,0.0,True
200,26,1077.71,27312.15,489.7092721707442,26090.0,26293.45,26599.75,0.0,0.0,55.77217249518847,False,35188.0,3992.0,0.0,0.0,True
200,27,1084.04,28114.31875,444.8761818174103,26756.0,27042.65,27353.35,0.0,0.0,63.19582818560253,False,35528.0,4130.0,0.0,0.0,True
200,28,1090.36,29105.7625,493.45209351440593,27796.0,28001.78,28255.65,0.0,0.0,58.983968013401935,False,36618.0,4544.0,0.0,0.0,True
200,29,1096.69,29972.46875,425.9227324567656,28652.0,28891.83,29150.65,0.0,0.0,70.37067164064169,False,36589.0,3887.0,0.0,0.0,True
200,30,1103.02,30918.675,419.0549121236977,29238.0,29762.23,30069.5,0.0,0.0,73.78191760910148,False,35829.0,3759.0,0.0,0.0,True
200,31,1109.34,31845.603125,652.4624189294234,30222.0,30418.95,30796.0,0.0,0.0,48.80833317151509,False,43361.0,3911.0,0.0,0.0,True
200,32,1115.67,32814.571875,652.7102638874192,31213.0,31392.8,31720.55,0.0,0.0,50.27433103252054,False,42598.0,3831.0,0.0,0.0,True
200,33,1121.99,33608.11875,688.2546982392764,31579.0,31969.49,32414.65,0.0,0.0,48.83093255444202,False,44815.0,3783.0,0.0,0.0,True
200,34,1128.32,34590.25625,664.7404968000201,32648.0,32916.57,33391.05,0.0,0.0,52.03572885436232,False,44196.0,3972.0,0.0,0.0,True
200,35,1134.64,35474.6875,853.8238671375672,33234.0,33655.08,34128.3,0.0,0.0,41.54801577394218,False,46479.0,3910.0,0.0,0.0,True
200,36,1140.97,36497.778125,790.942529610391,34381.0,34749.97,35147.85,0.0,0.0,46.14466507823056,False,46908.0,3906.0,0.0,0.0,True
200,37,1147.29,37270.0875,804.7561889129838,35320.0,35502.66,35843.4,0.0,0.0,46.312271981831096,False,46993.0,4068.0,0.0,0.0,True
200,38,1153.61,38184.621875,690.1131955313449,35643.0,36253.11,36895.6,0.0,0.0,55.33095457709676,False,46412.0,4073.0,0.0,0.0,True
200,39,1159.94,38977.26875,667.7231670186662,36729.0,37021.06,37588.25,0.0,0.0,58.373395855097435,False,45268.0,6930.0,0.0,0.0,True
200,40,1166.26,39878.3625,700.5713426152614,37862.0,37972.66,38353.35,0.0,0.0,56.922628823400615,False,44890.0,3882.0,0.0,0.0,True
200,41,1172.58,40536.8,700.3597807555772,38298.0,38658.08,39089.8,0.0,0.0,57.87996557464674,False,45514.0,3880.0,0.0,0.0,True
200,42,1178.9,41214.540625,738.3025875950925,38937.0,39131.13,39635.2,0.0,0.0,55.82337285211202,False,46235.0,3799.0,0.0,0.0,True
200,43,1185.23,41678.634375,706.872270600113,39381.0,39806.17,40143.2,0.0,0.0,58.962044641553206,False,46805.0,3799.0,0.0,0.0,True
200,44,1191.55,42504.903125,700.5712222823846,40264.0,40610.4,40997.25,0.0,0.0,60.671780074727586,False,47404.0,4174.0,0.0,0.0,True
200,45,1197.87,43298.85625,749.9971862186801,40676.0,41269.06,41684.4,0.0,0.0,57.73202492705765,False,48498.0,4132.0,0.0,0.0,True
200,46,1204.19,44252.84375,734.8617050751369,41788.0,42000.9,42700.6,0.0,0.0,60.21928132106877,False,49063.0,3786.0,0.0,0.0,True
200,47,1210.51,44979.003125,701.3809080059382,42722.0,42924.47,43553.4,0.0,0.0,64.12920940901792,False,50255.0,4069.0,0.0,0.0,True
200,48,1216.83,45864.2625,971.8260485260466,43709.0,43739.76,44130.3,0.0,0.0,47.19390118176145,False,57837.0,3847.0,0.0,0.0,True
200,49,1223.15,46544.290625,784.5726543234281,44006.0,44243.57,45046.6,0.0,0.0,59.32438553461585,False,56165.0,4036.0,0.0,0.0,True
200,50,1229.47,47304.05,716.0356729940206,44841.0,45263.41,45721.45,0.0,0.0,66.06381746624928,False,52362.0,4094.0,0.0,0.0,True
200,51,1235.79,47960.21875,728.8492743005494,45072.0,45847.25,46541.05,0.0,0.0,65.80265692934337,False,53496.0,4644.0,0.0,0.0,True
200,52,1242.11,48770.05625,729.2246031477116,46214.0,46569.94,47257.7,0.0,0.0,66.87933462404186,False,53901.0,4417.0,0.0,0.0,True
200,53,1248.43,49428.628125,714.9227990377592,46662.0,47540.19,47959.45,0.0,0.0,69.13841353433928,False,55023.0,3767.0,0.0,0.0,True
200,54,1254.75,50273.940625,757.4303595708383,47700.0,48267.22,48724.05,0.0,0.0,66.3743405446347,False,55955.0,3990.0,0.0,0.0,True
200,55,1261.07,50995.984375,922.3460964469136,48535.0,48950.55,49551.65,0.0,0.0,55.28942397159596,False,65521.0,4416.0,0.0,0.0,True
200,56,1267.39,51950.14375,1174.2485088710728,49504.0,49687.91,50351.8,0.0,0.0,44.241183495259484,False,65535.0,3900.0,0.003125,0.0,True
200,57,1273.7,52684.321875,1226.0815172823886,50228.0,50516.47,51171.75,0.0,0.0,42.969673004919635,False,65535.0,3847.0,0.003125,0.0,True
200,58,1280.02,53485.246875,1111.5076747048283,50955.0,51407.93,51847.45,0.0,0.0,48.11954797271506,False,65535.0,3830.0,0.00625,0.0,True
200,59,1286.34,54172.834375,830.7883459060794,51746.0,52046.67,52675.4,0.0,0.0,65.20654104255354,False,65535.0,4153.0,0.003125,0.0,True
200,60,1292.65,55066.853125,845.8892068721142,52291.0,53010.52,53537.5,0.0,0.0,65.09936842511955,False,65535.0,3791.0,0.003125,0.0,True
200,61,1298.97,55825.5875,973.0377908096633,52977.0,53565.09,54304.25,0.0,0.0,57.37247620521249,False,65535.0,4174.0,0.009375,0.0,True
200,62,1305.29,56627.36875,933.5855586251521,53442.0,54349.16,54994.65,0.0,0.0,60.65578909917204,False,65535.0,3916.0,0.009375,0.0,True
200,63,1311.6,57268.5625,758.7077804357551,54808.0,55214.93,55926.85,0.0,0.0,75.48171242834545,False,65535.0,4046.0,0.003125,0.0,True
200,64,1317.92,57979.9,766.773815248017,55124.0,55905.18,56616.35,0.0,0.0,75.61538858919697,False,63803.0,4247.0,0.0,0.0,True
200,65,1324.23,58367.44375,800.9683572625934,55560.0,56172.22,56895.6,0.0,0.0,72.87109811613252,False,64191.0,3898.0,0.0,0.0,True
200,66,1330.55,58823.965625,816.3490954814364,55713.0,56779.13,57266.95,0.0,0.0,72.05736608345096,False,64851.0,4222.0,0.0,0.0,True
200,67,1336.86,59075.39375,817.1166157354393,55814.0,56893.9,57494.45,0.0,0.0,72.29738401149706,False,64845.0,4171.0,0.0,0.0,True
200,68,1343.18,59311.590625,827.7593652669291,56763.0,57096.38,57819.25,0.0,0.0,71.65317979322845,False,65535.0,3894.0,0.003125,0.0,True
200,69,1349.49,59035.784375,845.779123282704,56208.0,56785.21,57327.05,0.0,0.0,69.80047479283436,False,65535.0,3840.0,0.00625,0.0,True
200,70,1355.81,57965.921875,918.4315656441063,55094.0,55591.59,56221.65,0.0,0.0,63.114034886581656,False,65535.0,4015.0,0.003125,0.0,True
200,71,1362.12,56281.203125,864.7541554483762,53449.0,53958.04,54788.75,0.0,0.0,65.08347230296691,False,65535.0,3812.0,0.003125,0.0,True
200,72,1368.43,56019.603125,936.6750580458702,53103.0,53619.71,54352.5,0.0,0.0,59.806869675669944,False,65535.0,3751.0,0.00625,0.0,True
200,73,1374.74,56790.609375,877.338817411557,53651.0,54329.77,55152.65,0.0,0.0,64.7305331166712,False,65535.0,3817.0,0.003125,0.0,True
200,74,1381.06,56351.7875,937.8250762235728,52941.0,53811.02,54528.35,0.0,0.0,60.08773803203995,False,61737.0,3827.0,0.0,0.0,True
200,75,1387.37,55169.3625,795.7696312964889,52533.0,52966.44,53594.45,0.0,0.0,69.32830850822562,False,60158.0,4122.0,0.0,0.0,True
200,76,1393.68,56147.265625,984.9224785831418,53349.0,53743.45,54146.75,0.0,0.0,57.006786671952575,False,62267.0,3970.0,0.0,0.0,True
200,77,1399.99,56092.271875,937.1555656394429,53131.0,53799.58,54417.75,0.0,0.0,59.853746732781644,False,61837.0,3794.0,0.0,0.0,True
200,78,1406.3,56648.240625,1015.0412375734345,53131.0,53839.52,54868.6,0.0,0.0,55.808807098737844,False,62051.0,3739.0,0.0,0.0,True
200,79,1412.61,57167.0125,955.8443223630876,53777.0,54380.45,55310.85,0.0,0.0,59.807869506060044,False,62497.0,3812.0,0.0,0.0,True
200,80,1418.92,57978.35,1051.282964405873,54373.0,54956.04,55977.35,0.0,0.0,55.150089902546945,False,63290.0,4128.0,0.0,0.0,True
200,81,1425.23,58441.85,1052.987032208849,54791.0,55491.81,56235.3,0.0,0.0,55.50101588374415,False,64094.0,4413.0,0.0,0.0,True
200,82,1431.54,58929.80625,1060.098052639914,54875.0,56046.82,56773.95,0.0,0.0,55.589014717317646,False,64415.0,3930.0,0.0,0.0,True
200,83,1437.85,59138.9,1054.590926022977,55822.0,56107.35,56892.8,0.0,0.0,56.07757334213157,False,65535.0,4038.0,0.003125,0.0,True
200,84,1444.16,59697.2125,1068.0499659864936,55930.0,56760.98,57553.4,0.0,0.0,55.89365142188008,False,65535.0,4020.0,0.009375,0.0,True
200,85,1450.47,59949.528125,983.3105685433186,56370.0,57100.32,57860.65,0.0,0.0,60.96703324750133,False,65535.0,3779.0,0.009375,0.0,True
200,86,1456.78,60300.084375,993.2732956019,57068.0,57484.66,58113.7,0.0,0.0,60.708452187330295,False,65535.0,4142.0,0.003125,0.0,True
200,87,1463.09,60432.13125,1031.8075167023342,57045.0,57730.27,58286.35,0.0,0.0,58.569190737378584,False,65535.0,3844.0,0.009375,0.0,True
200,88,1469.4,60435.284375,997.1082957762709,57544.0,57924.8,58285.75,0.0,0.0,60.61055216469715,False,65535.0,4276.0,0.015625,0.0,True
200,89,1475.71,60271.96875,987.974183125975,56977.0,57483.37,58200.95,0.0,0.0,61.00561105685771,False,65535.0,3964.0,0.00625,0.0,True
200,90,1482.01,60302.846875,979.356165257428,57128.0,57571.67,58295.0,0.0,0.0,61.57396973056179,False,65535.0,4123.0,0.00625,0.0,True
200,91,1488.32,60240.821875,969.254853687349,57213.0,57633.96,58333.65,0.0,0.0,62.151684508800734,False,65535.0,3860.0,0.003125,0.0,True
200,92,1494.63,60205.1625,986.2007046457379,57074.0,57411.03,58165.9,0.0,0.0,61.047576032331854,False,65534.0,4182.0,0.0,0.0,True
200,93,1500.93,60213.48125,1001.445274165512,57057.0,57372.48,58132.5,0.0,0.0,60.126581854584956,False,65465.0,3821.0,0.0,0.0,True
200,94,1507.24,60180.13125,1016.9847167108449,56859.0,57439.64,58102.55,0.0,0.0,59.17505962590656,False,65535.0,3902.0,0.003125,0.0,True
200,95,1513.55,60115.60625,1051.325274337556,56157.0,56864.06,58042.35,0.0,0.0,57.18078668647913,False,65535.0,3885.0,0.009375,0.0,True
200,96,1519.85,60009.20625,999.1513999194204,56218.0,57075.07,57976.0,0.0,0.0,60.06017331791715,False,65535.0,3882.0,0.0125,0.0,True
200,97,1526.16,59811.9,1033.6963964336917,55977.0,56832.09,57559.85,0.0,0.0,57.86215392290641,False,65535.0,3952.0,0.009375,0.0,True
200,98,1532.46,59561.546875,998.9708849875127,55788.0,56444.03,57542.65,0.0,0.0,59.62290570234634,False,65535.0,4183.0,0.003125,0.0,True
200,99,1538.77,59163.04375,963.9923615288336,55060.0,56339.3,57132.4,0.0,0.0,61.372938325124196,False,64307.0,4133.0,0.0,0.0,True
200,100,1545.07,58709.915625,908.2113684357068,55406.0,55986.29,56811.1,0.0,0.0,64.64344938350776,False,63863.0,3845.0,0.0,0.0,True
200,101,1551.37,58237.43125,950.3221567044712,54830.0,55704.67,56238.7,0.0,0.0,61.281777804650794,False,65535.0,3898.0,0.00625,0.0,True
200,102,1557.68,57826.721875,1084.7088236118873,54431.0,54755.71,55871.95,0.0,0.0,53.31082463443716,False,65535.0,3933.0,0.015625,0.0,True
200,103,1563.98,57372.496875,998.8662416661374,53703.0,54680.95,55428.5,0.0,0.0,57.43761725223687,False,65535.0,3869.0,0.009375,0.0,True
200,104,1570.28,56910.25,970.9102398007758,53106.0,54188.14,54906.95,0.0,0.0,58.615356669507925,False,65535.0,4218.0,0.003125,0.0,True
200,105,1576.59,56418.975,944.6940539799115,52626.0,53609.92,54575.45,0.0,0.0,59.72195417374741,False,61511.0,3993.0,0.0,0.0,True
200,106,1582.89,55947.678125,871.6292285263754,52061.0,53274.54,54129.8,0.0,0.0,64.18747363438945,False,60857.0,4060.0,0.0,0.0,True
200,107,1589.19,55335.965625,885.3285735778325,51511.0,52639.02,53552.45,0.0,0.0,62.503309253166385,False,60563.0,3987.0,0.0,0.0,True
200,108,1595.49,54601.271875,859.5602497550618,50741.0,51742.13,52801.85,0.0,0.0,63.522332367694965,False,59646.0,3881.0,0.0,0.0,True
200,109,1601.79,53636.6375,843.8344586432519,49204.0,51283.05,51869.4,0.0,0.0,63.562985548420116,False,58756.0,4196.0,0.0,0.0,True
200,110,1608.1,52451.190625,868.5927724124289,48220.0,49615.03,50774.35,0.0,0.0,60.38640003798563,False,57445.0,3762.0,0.0,0.0,True
200,111,1614.4,50891.6375,812.9756568272817,46862.0,48100.69,49381.8,0.0,0.0,62.59921446923713,False,56258.0,4381.0,0.0,0.0,True
200,112,1620.7,49279.753125,801.7271736243786,45156.0,46657.39,47769.15,0.0,0.0,61.46698620956093,False,58500.0,3838.0,0.0,0.0,True
200,113,1627.0,47289.253125,929.0265007268276,43830.0,44747.74,45841.35,0.0,0.0,50.90194207377616,False,57917.0,3878.0,0.0,0.0,True
200,114,1633.3,45250.29375,813.7618401356366,41544.0,43012.77,43676.55,0.0,0.0,55.60631073884921,False,54758.0,4250.0,0.0,0.0,True
200,115,1639.6,42873.021875,825.5705088885409,39729.0,40568.99,41373.55,0.0,0.0,51.93138734172997,False,52817.0,3868.0,0.0,0.0,True
200,116,1645.9,40242.89375,710.2407302886378,37529.0,37976.72,38867.6,0.0,0.0,56.660920774911716,False,49324.0,3837.0,0.0,0.0,True
200,117,1652.2,37316.984375,544.6038265389433,34868.0,35278.11,36176.85,0.0,0.0,68.52134075545553,False,42689.0,4210.0,0.0,0.0,True
200,118,1658.49,34515.1375,522.9512344318063,31867.0,32718.45,33492.3,0.0,0.0,66.00068080439871,False,39979.0,3983.0,0.0,0.0,True
200,119,1664.79,31972.584375,443.01281627156044,29471.0,30475.8,31175.7,0.0,0.0,72.17078874621359,False,37734.0,3786.0,0.0,0.0,True
200,120,1671.09,30012.3,516.7699657487846,27632.0,28542.76,29215.45,0.0,0.0,58.07671108848788,False,38443.0,3780.0,0.0,0.0,True
200,121,1677.39,28389.8625,586.9114976670247,26330.0,26680.4,27661.2,0.0,0.0,48.371624363894306,False,35831.0,3939.0,0.0,0.0,True
200,122,1683.69,27108.76875,536.7063818080027,24904.0,25492.44,26240.75,0.0,0.0,50.50949582279727,False,35202.0,4068.0,0.0,0.0,True
200,123,1689.98,25774.296875,495.03615018525096,23917.0,24430.44,24900.6,0.0,0.0,52.06548423858493,False,31599.0,3804.0,0.0,0.0,True
200,124,1696.28,24702.425,491.8584787568473,22902.0,23399.01,23869.4,0.0,0.0,50.2226271720157,False,30618.0,3947.0,0.0,0.0,True
200,125,1702.58,23796.3875,462.09572854956144,21878.0,22749.19,23071.7,0.0,0.0,51.496661903135724,False,29163.0,4371.0,0.0,0.0,True
200,126,1708.87,23287.46875,395.3446427149829,21536.0,22254.12,22770.85,0.0,0.0,58.90422237690129,False,28880.0,3828.0,0.0,0.0,True
200,127,1715.17,23121.66875,403.16833056855734,21089.0,21988.04,22507.0,0.0,0.0,57.34991316751797,False,28716.0,4063.0,0.0,0.0,True
200,128,1721.46,22917.68125,432.8728576596568,20719.0,21719.5,22310.2,0.0,0.0,52.94321610716191,False,28537.0,4200.0,0.0,0.0,True
200,129,1727.76,22516.109375,482.81925050903817,20335.0,21065.14,21812.7,0.0,0.0,46.6346554145493,False,27960.0,4641.0,0.0,0.0,True
200,130,1734.05,22198.703125,561.709174075192,20056.0,20772.19,21373.75,0.0,0.0,39.51992267448418,False,29040.0,3968.0,0.0,0.0,True
200,131,1740.35,21845.3,635.026247489031,19657.0,20216.64,20850.6,0.0,0.0,34.4006253070308,False,29157.0,3942.0,0.0,0.0,True
200,132,1746.64,21527.128125,598.8145626644232,19622.0,20230.02,20688.7,0.0,0.0,35.94957348601391,False,28632.0,3966.0,0.0,0.0,True
200,133,1752.94,21411.1625,611.123579845967,19455.0,20114.9,20653.2,0.0,0.0,35.03573287975015,False,28934.0,3904.0,0.0,0.0,True
200,134,1759.23,21692.096875,551.9041413508639,19726.0,20525.36,20978.55,0.0,0.0,39.30410237891215,False,29424.0,3905.0,0.0,0.0,True
200,135,1765.52,22079.728125,574.6075980258044,19790.0,20711.84,21325.95,0.0,0.0,38.425750374446686,False,30170.0,3815.0,0.0,0.0,True
200,136,1771.82,22385.23125,520.0237641429836,20184.0,20941.14,21686.55,0.0,0.0,43.04655439524299,False,30376.0,4157.0,0.0,0.0,True
200,137,1778.11,22461.803125,460.36337752392336,20352.0,20946.66,21767.15,0.0,0.0,48.79146392098205,False,27088.0,3776.0,0.0,0.0,True
200,138,1784.4,22396.0625,473.80958315946924,20359.0,20902.23,21647.5,0.0,0.0,47.268065687185874,False,27248.0,3783.0,0.0,0.0,True
200,139,1790.69,22299.16875,463.0603122417613,20754.0,21002.93,21629.5,0.0,0.0,48.15607850745299,False,28573.0,4190.0,0.0,0.0,True
200,140,1796.99,22230.790625,454.71173207550885,20943.0,21151.27,21527.45,0.0,0.0,48.88985494948332,False,29081.0,3802.0,0.0,0.0,True
200,141,1803.28,21979.99375,402.5006288329715,20850.0,20988.29,21290.25,0.0,0.0,54.608594808236035,False,28283.0,3920.0,0.0,0.0,True
200,142,1809.57,21672.0,359.88444325922177,20275.0,20804.29,21019.15,0.0,0.0,60.219329859695485,False,26652.0,4303.0,0.0,0.0,True
200,143,1815.86,21274.60625,313.21661028900985,19710.0,20468.03,20746.5,0.0,0.0,67.92298221467092,False,26562.0,3913.0,0.0,0.0,True
200,144,1822.15,20773.2,298.41476588801703,18993.0,19860.0,20280.5,0.0,0.0,69.61183686130086,False,25587.0,3957.0,0.0,0.0,True
200,145,1828.44,20250.51875,312.6514127561837,18106.0,19132.41,19741.8,0.0,0.0,64.77027745207083,False,25246.0,3867.0,0.0,0.0,True
200,146,1834.73,19763.33125,354.6952516223434,17613.0,18675.17,19171.5,0.0,0.0,55.719187554962424,False,24714.0,3820.0,0.0,0.0,True
200,147,1841.02,19031.69375,427.9394451449147,16814.0,17976.97,18357.25,0.0,0.0,44.47286635041362,False,24411.0,3943.0,0.0,0.0,True
200,148,1847.31,18759.809375,435.82256055315605,16849.0,17786.54,17995.95,0.0,0.0,43.04460363683232,False,23886.0,3799.0,0.0,0.0,True
200,149,1853.6,18559.165625,474.30937366170554,17035.0,17517.02,17759.4,0.0,0.0,39.12881898521581,False,23683.0,4285.0,0.0,0.0,True
200,150,1859.89,18369.9375,520.3152852778304,16853.0,17411.09,17549.5,0.0,0.0,35.3053965927429,False,23661.0,4342.0,0.0,0.0,True
200,151,1866.18,18052.978125,509.71330436480116,16711.0,17077.03,17286.95,0.0,0.0,35.41790643957661,False,22767.0,3956.0,0.0,0.0,True
200,152,1872.46,17234.984375,498.4570409081001,15694.0,16305.66,16454.7,0.0,0.0,34.57666952321686,False,23173.0,4709.0,0.0,0.0,True
200,153,1878.75,16322.01875,510.6520032257168,14915.0,15136.71,15589.5,0.0,0.0,31.9630955071087,False,20952.0,3847.0,0.0,0.0,True
200,154,1885.04,16654.059375,621.9074686797139,15066.0,15210.93,15634.55,0.0,0.0,26.778998828163154,False,21483.0,4062.0,0.0,0.0,True
200,155,1891.33,16189.484375,591.668451082073,14707.0,14821.57,15191.85,0.0,0.0,27.362426280109794,False,20891.0,3898.0,0.0,0.0,True
200,156,1897.61,15458.659375,593.2511321941236,14043.0,14287.31,14519.85,0.0,0.0,26.05753033766077,False,21196.0,4005.0,0.0,0.0,True
200,157,1903.9,14506.43125,490.908941682098,13243.0,13444.27,13684.9,0.0,0.0,29.550146714161954,False,20090.0,4218.0,0.0,0.0,True
200,158,1910.19,13623.665625,447.3438597078979,12339.0,12614.54,12855.95,0.0,0.0,30.454571644049867,False,19088.0,3813.0,0.0,0.0,True
200,159,1916.47,13235.878125,370.9862373073756,12210.0,12275.12,12486.75,0.0,0.0,35.677544862758765,False,17697.0,4171.0,0.0,0.0,True
200,160,1922.76,12786.734375,351.0802366530468,11811.0,11856.47,12077.6,0.0,0.0,36.42111699849509,False,17064.0,3784.0,0.0,0.0,True
200,161,1929.04,12458.2875,330.8461006929808,11353.0,11471.6,11766.65,0.0,0.0,37.65583899554865,False,16655.0,3803.0,0.0,0.0,True
200,162,1935.33,12286.603125,321.971430200312,11165.0,11389.42,11547.7,0.0,0.0,38.16053839732285,False,16425.0,4037.0,0.0,0.0,True
200,163,1941.61,12030.796875,318.37541616028454,11005.0,11172.0,11421.9,0.0,0.0,37.78808370349523,False,17961.0,4098.0,0.0,0.0,True
200,164,1947.9,11843.04375,319.2150499051345,10880.0,11049.04,11294.0,0.0,0.0,37.100518141358066,False,17309.0,3818.0,0.0,0.0,True
200,165,1954.18,11646.0625,278.49337262087585,10884.0,10972.09,11157.8,0.0,0.0,41.81809567100258,False,17331.0,3886.0,0.0,0.0,True
200,166,1960.46,11413.025,258.2607318680097,10709.0,10860.37,10953.95,0.0,0.0,44.1918712049219,False,15527.0,3829.0,0.0,0.0,True
200,167,1966.75,11168.5,268.67986294101013,10435.0,10588.76,10726.75,0.0,0.0,41.56805753043,False,15329.0,3808.0,0.0,0.0,True
200,168,1973.03,10926.253125,308.65927056016704,10281.0,10341.57,10442.25,0.0,0.0,35.39907648058186,False,16461.0,4478.0,0.0,0.0,True
200,169,1979.31,10619.16875,325.81103077311167,9961.0,10016.56,10140.3,0.0,0.0,32.59303015248414,False,16052.0,3895.0,0.0,0.0,True
200,170,1985.6,10241.25,316.26920890279536,9652.0,9666.57,9776.5,0.0,0.0,32.38143237379644,False,15208.0,3877.0,0.0,0.0,True
200,171,1991.88,9853.8875,286.74978176757173,9189.0,9280.52,9431.75,0.0,0.0,34.36406277019295,False,14184.0,4288.0,0.0,0.0,True
200,172,1998.16,9491.125,300.7919079280558,8648.0,8737.18,9049.4,0.0,0.0,31.553791009132066,False,13731.0,3965.0,0.0,0.0,True
200,173,2004.44,9169.56875,285.17994586477766,8355.0,8438.0,8670.7,0.0,0.0,32.15362399412144,False,13464.0,3945.0,0.0,0.0,True
200,174,2010.72,8853.428125,303.59629005306437,8028.0,8075.09,8320.65,0.0,0.0,29.161845566204104,False,13111.0,3879.0,0.0,0.0,True
200,175,2017.0,8593.98125,286.7014120098426,7779.0,7892.71,8087.35,0.0,0.0,29.975371205025436,False,12895.0,3825.0,0.0,0.0,True
200,176,2023.28,8318.40625,277.3050508211805,7575.0,7621.23,7813.3,0.0,0.0,29.99731243757285,False,12511.0,3812.0,0.0,0.0,True
200,177,2029.56,8086.975,244.14919746949815,7380.0,7511.57,7666.5,0.0,0.0,33.12308655452485,False,12269.0,3938.0,0.0,0.0,True
200,178,2035.84,7851.66875,215.20827766012508,7196.0,7379.71,7480.75,0.0,0.0,36.48404622428128,False,11956.0,3843.0,0.0,0.0,True
200,179,2042.12,7658.871875,191.43685109974092,7014.0,7187.47,7289.35,0.0,0.0,40.007301786475765,False,12176.0,4266.0,0.0,0.0,True
200,180,2048.4,7483.48125,200.76744855289041,6888.0,6993.0,7121.05,0.0,0.0,37.274375422609936,False,13060.0,4072.0,0.0,0.0,True
200,181,2054.68,7339.84375,182.01155687465973,6676.0,6862.99,7005.7,0.0,0.0,40.32625112401222,False,12282.0,4036.0,0.0,0.0,True
200,182,2060.96,7192.93125,168.92001146530123,6660.0,6771.23,6866.85,0.0,0.0,42.581877585756004,False,12620.0,5605.0,0.0,0.0,True
200,183,2067.24,7079.734375,154.94263476641726,6483.0,6644.57,6767.5,0.0,0.0,45.69261640395467,False,11049.0,3875.0,0.0,0.0,True
200,184,2073.52,6953.33125,152.07244251815482,6283.0,6546.99,6640.65,0.0,0.0,45.72380856689303,False,10841.0,3912.0,0.0,0.0,True
200,185,2079.8,6870.109375,164.2600945516268,6255.0,6438.22,6526.9,0.0,0.0,41.824579449762155,False,10863.0,3933.0,0.0,0.0,True
200,186,2086.07,6760.5875,175.82149639264819,6079.0,6295.27,6397.7,0.0,0.0,38.45142737781095,False,11656.0,4138.0,0.0,0.0,True
200,187,2092.35,6671.5,182.66299228360407,5994.0,6175.04,6302.9,0.0,0.0,36.52354489869375,False,11503.0,3922.0,0.0,0.0,True
200,188,2098.63,6521.36875,168.94132198321847,5953.0,6040.56,6164.5,0.0,0.0,38.60138344748925,False,11297.0,3942.0,0.0,0.0,True
200,189,2104.9,6385.853125,168.3837701583332,5880.0,5913.52,6042.65,0.0,0.0,37.924398052111975,False,10393.0,4014.0,0.0,0.0,True
200,190,2111.18,6185.85,151.5372355231545,5660.0,5784.76,5897.35,0.0,0.0,40.82066020700753,False,10227.0,4114.0,0.0,0.0,True
200,191,2117.46,6001.203125,156.7512140789805,5534.0,5572.57,5716.7,0.0,0.0,38.28489087157055,False,10002.0,3790.0,0.0,0.0,True
200,192,2123.73,5802.3125,128.3511631959368,5276.0,5477.33,5559.85,0.0,0.0,45.20654394960433,False,9758.0,4030.0,0.0,0.0,True
200,193,2130.01,5688.303125,135.64889878002833,5179.0,5374.04,5454.65,0.0,0.0,41.934016244571616,False,9800.0,4075.0,0.0,0.0,True
200,194,2136.28,5531.3125,125.5690640394759,5043.0,5247.52,5298.6,0.0,0.0,44.04996200545896,False,9632.0,4092.0,0.0,0.0,True
200,195,2142.56,5396.7875,137.82703778196063,4860.0,5050.32,5161.75,0.0,0.0,39.15623223752049,False,9394.0,3926.0,0.0,0.0,True
200,196,2148.83,5220.578125,126.33779183793096,4629.0,4867.37,5000.9,0.0,0.0,41.322379068466205,False,9097.0,3951.0,0.0,0.0,True
200,197,2155.11,5105.6375,131.47692228581408,4601.0,4735.14,4842.45,0.0,0.0,38.832955709907445,False,9246.0,4058.0,0.0,0.0,True
200,198,2161.38,4987.20625,130.4261571194118,4496.0,4606.55,4718.8,0.0,0.0,38.23777653307626,False,8874.0,3772.0,0.0,0.0,True
200,199,2167.65,4908.825,130.72131855592644,4389.0,4563.09,4653.95,0.0,0.0,37.55183205178444,False,8844.0,3812.0,0.0,0.0,True
200,200,2173.93,4810.33125,128.92523132978084,4328.0,4457.37,4524.0,0.0,0.0,37.31101507737849,False,8691.0,3779.0,0.0,0.0,True
200,201,2180.2,4737.575,125.8897359795468,4255.0,4412.52,4482.8,0.0,0.0,37.63273441744029,False,8695.0,4132.0,0.0,0.0,True
200,202,2186.47,4617.909375,115.1653481395744,4217.0,4306.28,4363.85,0.0,0.0,40.09808027848181,False,8555.0,3825.0,0.0,0.0,True
200,203,2192.74,4493.84375,120.03801725260836,4104.0,4159.13,4234.35,0.0,0.0,37.436837535754236,False,8415.0,4176.0,0.0,0.0,True
200,204,2199.01,4299.95,102.17153468554731,3959.0,4020.38,4077.8,0.0,0.0,42.085596670676296,False,8229.0,3848.0,0.0,0.0,True
200,205,2205.29,4106.10625,98.34881143632342,3741.0,3847.14,3890.8,0.0,0.0,41.75044100719492,False,8071.0,3944.0,0.0,0.0,True
200,206,2211.56,3866.046875,88.70062529505852,3573.0,3642.0,3669.9,0.0,0.0,43.58533958627384,False,7797.0,3949.0,0.0,0.0,True
200,207,2217.83,3693.559375,92.84999447824096,3379.0,3458.71,3496.7,0.0,0.0,39.77985562363745,False,7592.0,4006.0,0.0,0.0,True
200,208,2224.1,3529.2125,107.79485072929042,2440.0,3272.56,3345.0,0.0,0.0,32.74008430015847,False,7412.0,3851.0,0.0,0.0,True
200,209,2230.37,3394.334375,86.24882647525921,3136.0,3148.95,3220.0,0.0,0.0,39.35513691857173,False,7319.0,3891.0,0.0,0.0,True
200,210,2236.64,3228.1625,82.82771181042007,2970.0,2991.57,3060.6,0.0,0.0,38.974425701735306,False,12746.0,9519.0,0.0,0.0,True
200,211,2242.91,3088.09375,82.71598975371992,2809.0,2863.33,2925.65,0.0,0.0,37.3336976223643,False,7299.0,4038.0,0.0,0.0,True
200,212,2249.18,2882.296875,77.08629087090891,2312.0,2670.33,2730.9,0.0,0.0,37.390524857743465,False,6759.0,4447.0,0.0,0.0,True
200,213,2255.45,2649.55625,65.79610996052503,2425.0,2458.38,2512.55,0.0,0.0,40.2691929901264,False,6828.0,3813.0,0.0,0.0,True
200,214,2261.72,2376.19375,70.16253423970304,2136.0,2170.19,2249.3,0.0,0.0,33.86698863929211,False,6427.0,3895.0,0.0,0.0,True
200,215,2267.98,2130.784375,77.26217788063818,1873.0,1900.38,1985.45,0.0,0.0,27.57862169368054,False,6263.0,4025.0,0.0,0.0,True
200,216,2274.25,1938.9125,89.15975041323298,1630.0,1663.66,1762.85,0.0,0.0,21.746499861356803,False,6153.0,3865.0,0.0,0.0,True
200,217,2280.52,1769.59375,91.32827443315405,1451.0,1482.23,1589.6,0.0,0.0,19.37618728683197,False,5865.0,4156.0,0.0,0.0,True
200,218,2286.79,1563.534375,89.4262898613119,1250.0,1278.42,1380.95,0.0,0.0,17.484057288128728,False,5782.0,3882.0,0.0,0.0,True
200,219,2293.06,1347.36875,85.9190114202759,1033.0,1104.66,1179.1,0.0,0.0,15.681846517172811,False,5432.0,3994.0,0.0,0.0,True
200,220,2299.32,1182.6125,93.0771177236919,895.0,929.76,980.8,0.0,0.0,12.705727561425814,False,5203.0,3996.0,0.0,0.0,True
200,221,2305.59,1091.33125,100.33812970868802,764.0,811.14,875.75,0.0,0.0,10.876535701517003,False,4911.0,3773.0,0.0,0.0,True
200,222,2311.85,1049.075,109.85797934151165,718.0,760.0,816.85,0.0,0.0,9.549374622472964,True,5128.0,4093.0,0.0,0.0,False
200,223,2318.12,995.65625,111.70989475394514,636.0,702.14,763.5,0.0,0.0,8.912874299927031,True,4922.0,4117.0,0.0,0.0,False
200,224,2324.39,924.734375,110.3183521376175,601.0,642.33,698.9,0.0,0.0,8.382416498085691,True,4708.0,3855.0,0.0,0.0,False
200,225,2330.65,827.334375,102.36825713256711,546.0,566.19,613.5,0.0,0.0,8.081942568667476,True,4865.0,3945.0,0.0,0.0,False
200,226,2336.92,734.371875,89.69275240499857,491.0,511.18,560.95,0.0,0.0,8.18763897091718,True,4505.0,3790.0,0.0,0.0,False
200,227,2343.18,636.275,78.28405409149427,428.0,454.0,478.95,0.0,0.0,8.127772729505644,True,4591.0,3855.0,0.0,0.0,False
200,228,2349.45,564.534375,70.23984850752011,387.0,400.57,426.0,0.0,0.0,8.037237935380102,True,4492.0,3875.0,0.0,0.0,False
200,229,2355.71,497.51875,61.7782295670368,341.0,360.0,381.0,0.0,0.0,8.053302166261082,True,4474.0,3787.0,0.0,0.0,False
200,230,2361.97,455.825,54.320466907050786,325.0,330.57,348.95,0.0,0.0,8.39140430769798,True,4245.0,3882.0,0.0,0.0,False
200,231,2368.24,410.315625,46.260036812127325,280.0,306.0,322.0,0.0,0.0,8.869764342522629,True,4326.0,3929.0,0.0,0.0,False
200,232,2374.5,385.315625,43.5505855972038,271.0,292.0,302.0,0.0,0.0,8.847541765884559,True,4188.0,3848.0,0.0,0.0,False
200,233,2380.76,351.278125,38.94508340579559,219.0,253.19,276.95,0.0,0.0,9.019832396808159,True,4076.0,3775.0,0.0,0.0,False
200,234,2387.03,341.515625,37.966840872784964,238.0,254.57,268.95,0.0,0.0,8.995102493365284,True,4242.0,3899.0,0.0,0.0,False
200,235,2393.29,321.621875,33.75505734677954,227.0,237.57,256.95,0.0,0.0,9.528109275473513,True,4196.0,3874.0,0.0,0.0,False
200,236,2399.55,315.421875,35.18282814789589,155.0,234.19,249.0,0.0,0.0,8.965222286112745,True,4302.0,4106.0,0.0,0.0,False
200,237,2405.81,297.94375,31.50729020302286,205.0,222.19,236.0,0.0,0.0,9.456343217082038,True,4074.0,3787.0,0.0,0.0,False
200,238,2412.07,294.209375,32.885168193417755,193.0,217.0,233.9,0.0,0.0,8.946567439447659,True,4704.0,4449.0,0.0,0.0,False
200,239,2418.33,275.53125,30.731075858770385,187.0,196.19,216.0,0.0,0.0,8.965883630831518,True,4107.0,3853.0,0.0,0.0,False
200,240,2424.59,277.73125,30.565344320610883,186.0,201.19,220.0,0.0,0.0,9.08647542415253,True,4121.0,3904.0,0.0,0.0,False
200,241,2430.85,263.53125,29.49775878668581,150.0,186.76,208.0,0.0,0.0,8.93394145317031,True,4325.0,4063.0,0.0,0.0,False
200,242,2437.11,263.534375,29.373330903378577,180.0,190.76,207.0,0.0,0.0,8.971892764455898,True,4020.0,3788.0,0.0,0.0,False
200,243,2443.37,247.325,28.34509437274817,151.0,178.76,192.0,0.0,0.0,8.725495732968065,True,4118.0,3936.0,0.0,0.0,False
200,244,2449.63,247.5625,28.166067239676895,155.0,178.57,193.95,0.0,0.0,8.78938823419606,True,4114.0,3896.0,0.0,0.0,False
200,245,2455.89,232.64375,26.30383690524065,146.0,165.95,182.0,0.0,0.0,8.844479641433617,True,4049.0,3846.0,0.0,0.0,False
200,246,2462.15,232.115625,25.528092483759433,156.0,169.0,183.9,0.0,0.0,9.092556568715786,True,4259.0,4032.0,0.0,0.0,False
200,247,2468.41,218.79375,24.02800368190208,139.0,164.19,172.95,0.0,0.0,9.10578144137653,True,4289.0,4086.0,0.0,0.0,False
200,248,2474.67,217.43125,30.466605052704836,0.0,149.95,169.0,0.00625,0.00625,7.136707540070641,True,4170.0,4007.0,0.0,0.0,False
200,249,2480.93,205.359375,26.39742363582808,0.0,149.38,158.9,0.003125,0.003125,7.779523404748744,True,4032.0,3824.0,0.0,0.0,False
200,250,2487.18,206.45625,28.427176010597677,0.0,132.28,156.95,0.003125,0.003125,7.262636637667621,True,4029.0,3835.0,0.0,0.0,False
200,251,2493.44,196.915625,24.231998593994984,126.0,136.38,147.95,0.0,0.0,8.126264296201727,True,4625.0,4465.0,0.0,0.0,False
200,252,2499.7,201.8625,26.27046523664931,91.0,135.57,151.9,0.0,0.0,7.684009330690447,True,4046.0,3888.0,0.0,0.0,False
200,253,2505.95,185.125,24.852753871553148,95.0,122.38,135.9,0.0,0.0,7.448872706693867,True,4100.0,4005.0,0.0,0.0,False
200,254,2512.21,186.74375,27.344388563972316,0.0,115.38,134.9,0.003125,0.003125,6.829326227686729,True,4300.0,4117.0,0.0,0.0,False
200,255,2518.47,192.940625,25.325127830069782,0.0,127.76,144.95,0.003125,0.003125,7.618544960349793,True,3919.0,3740.0,0.0,0.0,False
