sample_id,mask_pixel_count,source_full_band_invalid_snv_pixel_count,nonfinite_retained_reflectance_pixel_count,nonpositive_snv_input_std_pixel_count,saved_pixel_count,excluded_pixel_count,excluded_pixel_fraction,pixels_with_any_negative_interpolated_reflectance,pixels_with_any_interpolated_reflectance_above_one,final_snv_first_difference_rms_q99,final_snv_max_abs_second_difference_q99,final_snv_max_abs_second_difference_max,snv_mean_absolute_max,snv_sample_std_absolute_error_max,snv_l2_norm_absolute_error_max
KYOw02702,62814,0,0,0,62814,0,0.0,0,0,0.06358105860940957,0.45287627890706106,2.114838993176818,6.548361852765083e-09,8.5914710901136e-09,1.371947906392279e-07
KYOw02707,115078,0,0,0,115078,0,0.0,0,0,0.056707854708254964,0.4361467206478117,4.304124087095261,7.0140231400728226e-09,8.609519985824932e-09,1.374830098654911e-07
KYOw02708,104647,519,0,0,104647,0,0.0,0,0,0.05219150115116802,0.45067756175994783,1.6885812487453222,7.195922080427408e-09,8.639914561570095e-09,1.379683709501478e-07
KYOw02709,40105,0,0,0,40105,0,0.0,0,0,0.07306892061517753,0.5548753786087031,2.419986918568611,7.117705536074936e-09,8.849539545607854e-09,1.4131581416165773e-07
KYOw02715,65124,0,0,0,65124,0,0.0,0,0,0.06975211343641337,0.47524612307548386,5.792857110500336,8.956703823059797e-09,8.662101702583413e-09,1.3832267242719354e-07
KYOw02716,62799,0,0,0,62799,0,0.0,0,0,0.08794893821135073,0.7237406635284401,4.563940137624741,6.592017598450184e-09,9.253610877557605e-09,1.4776831491758458e-07
KYOw02717,82044,0,0,0,82044,0,0.0,0,0,0.06482148914847677,0.4729825425148001,4.745097815990448,6.126356311142445e-09,8.452535449343657e-09,1.3497616713209482e-07
KYOw02719,76827,0,0,0,76827,0,0.0,0,0,0.05738408333748933,0.42339626789093043,2.0544369220733643,7.639755494892597e-09,9.582613480496605e-09,1.5302206612943792e-07
KYOw02720,131174,0,0,0,131174,0,0.0,0,0,0.056150159149677414,0.41428303837776237,2.3412229038076475,6.781192496418953e-09,9.536966438794536e-09,1.522931416531037e-07
KYOw02751,71469,0,0,0,71469,0,0.0,0,0,0.05949031172446255,0.4881031930446623,1.410435050725937,7.30506144464016e-09,8.172330812072914e-09,1.3050165748040854e-07
KYOw02752,117200,0,0,0,117200,0,0.0,7,0,0.05854065649892818,0.46205126643180655,2.451334910467267,7.2177499532699585e-09,1.0534794814276438e-08,1.6822718329478903e-07
KYOw02754,47242,0,0,0,47242,0,0.0,0,0,0.06957751174669842,0.5177596580982192,2.786361124366522,7.246853783726692e-09,8.496718439943152e-09,1.3568171119970884e-07
KYOw02756,101107,0,0,0,101107,0,0.0,0,0,0.06558025872734334,0.48354228831827706,3.657822847366333,6.752088665962219e-09,1.1629438190219332e-08,1.8570723625543906e-07
KYOw02758,72279,0,0,0,72279,0,0.0,0,0,0.06547361776242201,0.43267549544572875,2.242528535425663,6.2282197177410126e-09,8.514903226952697e-09,1.3597210291038664e-07
KYOw02759,74526,0,0,0,74526,0,0.0,60,0,0.06194147182492203,0.5118409395217896,2.3994070440530777,7.1158865466713905e-09,9.468697825809613e-09,1.5120298080262273e-07
KYOw02760,50131,0,0,0,50131,0,0.0,3,0,0.06261232932970118,0.46283693313598395,2.420944929122925,7.057678885757923e-09,9.66011515224352e-09,1.5425966815030279e-07
KYOw02762,67890,0,0,0,67890,0,0.0,12,0,0.06430912694534772,0.5096269047260285,3.0324541330337524,7.1995600592345e-09,9.819280721856671e-09,1.5680133813589237e-07
KYOw02763,102483,0,0,0,102483,0,0.0,21,0,0.06221132906964043,0.455800744891166,2.500042624771595,6.766640581190586e-09,9.139008216862976e-09,1.4593825881092926e-07
KYOw02764,105831,0,0,0,105831,0,0.0,115,0,0.06670660276419038,0.5325322031974782,2.7718231081962585,7.203198038041592e-09,1.2620681055786065e-08,2.0153611224316137e-07
KYOw02766,46215,0,0,0,46215,0,0.0,39,0,0.07789096671397479,0.5997316122055055,4.7549402713775635,6.686605047434568e-09,8.028199660614632e-09,1.2820006745073442e-07
KYOw02767,152143,0,0,0,152143,0,0.0,0,0,0.06307776203553427,0.4832880878448482,4.464879035949707,7.727066986262798e-09,1.2416125461101046e-08,1.9826962294189343e-07
KYOw02768,65943,0,0,0,65943,0,0.0,51,0,0.09405426767493626,0.8894745051860814,5.39300377573818,7.683411240577698e-09,9.237503206804831e-09,1.4751109844723942e-07
KYOw02769,161735,0,0,0,161735,0,0.0,1,0,0.05703594517987711,0.4459851127862933,6.249399907886982,7.174094207584858e-09,1.1104014374652138e-08,1.7731689005984208e-07
KYOw02770,33403,0,0,0,33403,0,0.0,0,0,0.0750815880803316,0.5599545741081253,3.6798333525657654,6.313712219707668e-09,8.954690544626942e-09,1.429949421094534e-07
KYOw02771,114096,50,0,0,114096,0,0.0,0,0,0.053955220128510124,0.4422290315851574,6.11521577835083,6.606569513678551e-09,8.792396144485792e-09,1.4040330498232834e-07
KYOw02772,73259,0,0,0,73259,0,0.0,48,0,0.07949539916731424,0.6393518543243403,3.9432422518730164,7.610651664435863e-09,1.0519588533597357e-08,1.6798435709119985e-07
KYOw02773,52620,0,0,0,52620,0,0.0,2,0,0.055958428201501514,0.42685999870300234,2.17300932854414,6.28642737865448e-09,8.761559477932224e-09,1.3991088287923503e-07
KYOw02774,38942,0,0,0,38942,0,0.0,15,0,0.07280166843596808,0.5188666838407484,2.4327164525166154,6.994923751335591e-09,1.013605177568877e-08,1.618597682551126e-07
KYOw02775,51705,0,0,0,51705,0,0.0,0,0,0.0721259852758726,0.5282479548454281,3.57374931871891,7.159542292356491e-09,9.096563724497742e-09,1.4526047387164454e-07
KYOw02776,91475,0,0,0,91475,0,0.0,0,0,0.07280777641887917,0.6637223148345927,2.618189513683319,7.144990377128124e-09,9.463650640917365e-09,1.5112238038739179e-07
KYOw02777,121687,0,0,0,121687,0,0.0,0,0,0.06731582840219182,0.6732316562533376,3.6061736941337585,7.188646122813225e-09,8.804852180688272e-09,1.4060221253942018e-07
KYOw02780,56542,0,0,0,56542,0,0.0,78,0,0.05865501583814934,0.4295744560658926,1.8907414488494396,6.912159733474255e-09,8.626067971029272e-09,1.3774725715620662e-07
KYOw02783,84218,0,0,0,84218,0,0.0,0,0,0.06526067108546711,0.6414811408519745,2.5587572306394577,7.043126970529556e-09,1.6872554242652882e-08,2.694330856201077e-07
KYOw02784,117564,821,0,0,117564,0,0.0,15,0,0.05219945846350802,0.43299591779708857,1.9085174798965454,7.07223080098629e-09,8.863201617081984e-09,1.4153398097960235e-07
KYOw02787,106684,0,0,0,106684,0,0.0,0,0,0.05612784552075838,0.4278731441497802,3.8842483535408974,7.290509529411793e-09,1.074009758905703e-08,1.7150560438494722e-07
KYOw02788,112294,0,0,0,112294,0,0.0,0,0,0.0736714159110854,0.5479925382137295,2.467672973871231,7.288690540008247e-09,9.78066139190048e-09,1.5618463855560094e-07
KYOw02789,125946,0,0,0,125946,0,0.0,0,0,0.07105683078656225,0.6277775257825858,1.9717214405536652,6.880327418912202e-09,8.943581653042543e-09,1.428175462336867e-07
KYOw02790,26249,0,0,0,26249,0,0.0,0,0,0.08369951223494214,0.6012143135070809,2.28757044672966,6.9776433520019054e-09,9.09051867115096e-09,1.4516394308827785e-07
KYOw16662,48925,0,0,0,48925,0,0.0,0,0,0.06361922638330049,0.48768816471099863,3.7934306859970093,6.461050361394882e-09,8.44585534842679e-09,1.3486949335117515e-07
KYOw16666,58338,0,0,0,58338,0,0.0,0,0,0.06342619335782765,0.4373829993605607,2.0091761350631714,6.933987606316805e-09,8.288228103836559e-09,1.323523868279608e-07
KYOw16700,55042,0,0,0,55042,0,0.0,4,0,0.05620348566928763,0.3905908362567421,2.932477116584778,6.941263563930988e-09,8.376129567722046e-09,1.337560604497412e-07
KYOw16702,33939,0,0,0,33939,0,0.0,0,0,0.07047923370987211,0.4817242324352282,2.048202246427536,6.679329089820385e-09,8.688116670541035e-09,1.387380965667262e-07
KYOw16711,82013,0,0,0,82013,0,0.0,1,0,0.06264410779643653,0.4998512148857128,2.864445209503174,1.0797521099448204e-08,1.0303715658466217e-08,1.64537144797805e-07
KYOw16714,46132,0,0,0,46132,0,0.0,5,0,0.06083189701438833,0.43291563987731957,1.7140710726380348,6.71207089908421e-09,9.158485303473185e-09,1.4624928290629668e-07
KYOw16716,80058,0,0,0,80058,0,0.0,2,0,0.05781275412082753,0.4382543659210202,2.7062463792972267,6.643858796451241e-09,8.165415676941734e-09,1.3039123203384406e-07
KYOw16719,81498,0,0,0,81498,0,0.0,1,0,0.05910868476824375,0.40596938371658314,1.4329549074172974,7.325070328079164e-09,8.544281948630328e-09,1.3644124230438592e-07
KYOw16737,65693,0,0,0,65693,0,0.0,0,0,0.1109595804303293,0.7788129711151135,4.232052743434906,8.316419553011656e-09,9.551022195353198e-09,1.5251759322154612e-07
KYOw16744,108871,0,0,0,108871,0,0.0,8,0,0.0744970535025863,0.5440311238169672,2.973032131791115,7.057678885757923e-09,9.244426890653301e-09,1.4762165712056685e-07
KYOw16750,58747,0,0,0,58747,0,0.0,8,0,0.057234390281964594,0.39619383335113556,1.5762648582458496,7.1158865466713905e-09,7.946838964656422e-09,1.2690084005839708e-07
