condition,reference_cluster,original_target_cluster,display_target_cluster,snv_cosine_similarity,iou,pixel_count,assigned
B0,1,1,7,0.997565878063446,0.1614697024378275,304688,False
B0,2,1,7,0.9847612042687051,0.014600217822429384,13848,False
B0,3,1,7,0.8771743921588654,0.0,0,False
B0,4,1,7,0.8422485332304097,0.0,0,False
B0,5,1,7,0.9801078800756877,7.142811224784983e-06,10,False
B0,6,1,7,0.9950013991032377,0.05224883979817548,86736,False
B0,7,1,7,0.9999366469817764,0.4732407614872053,468886,True
B0,8,1,7,0.9689210524014482,0.0,0,False
B0,1,2,4,0.8822599399588659,0.0,0,False
B0,2,2,4,0.7736920931512037,0.0,0,False
B0,3,2,4,0.9960214699181755,0.0701226120802586,14881,False
B0,4,2,4,0.9938502045793423,0.7779759165516184,121719,True
B0,5,2,4,0.9336284020329717,0.0,0,False
B0,6,2,4,0.8986437760960846,9.89309521312695e-07,1,False
B0,7,2,4,0.8500643544166342,1.3817918524025214e-06,1,False
B0,8,2,4,0.954368440299725,0.0037615004127895773,1581,False
B0,1,3,5,0.9840505067730243,0.0001454168523217292,234,False
B0,2,3,5,0.9249011666579812,3.1573878929961246e-05,12,False
B0,3,3,5,0.9647160080358634,0.0004912791385013097,187,False
B0,4,3,5,0.938523072154348,0.007593590123433749,3255,False
B0,5,3,5,0.9978711050860558,0.11496887279430412,84323,True
B0,6,3,5,0.9901801397317465,0.008739234041521106,10089,False
B0,7,3,5,0.9704961048486059,0.0013066525160193316,1145,False
B0,8,3,5,0.9996276236104331,0.5031126453829964,192669,False
B0,1,4,8,0.946619811585705,6.871846252060694e-07,1,False
B0,2,4,8,0.8601814587487691,4.427031454058481e-06,1,False
B0,3,4,8,0.9937310873979334,0.3097718984956975,53602,False
B0,4,4,8,0.972435563411333,0.03512937300125981,9425,False
B0,5,4,8,0.9803021305886574,0.027695738700160292,17883,False
B0,6,4,8,0.9575130171484363,3.9590358559979885e-06,4,False
B0,7,4,8,0.9223270432516866,0.0,0,False
B0,8,4,8,0.9888384489420541,0.15580665066849503,56811,True
B0,1,5,1,0.9998029382233915,0.49319705210883447,931956,True
B0,2,5,1,0.9736613211098868,0.0004806831355620694,765,False
B0,3,5,1,0.9072715049303313,0.0,0,False
B0,4,5,1,0.8726945496932214,1.216485075856968e-06,2,False
B0,5,5,1,0.9912795650615733,0.03486630470801152,68392,False
B0,6,5,1,0.9993807765767324,0.23402698777715067,450732,False
B0,7,5,1,0.9971539516267022,0.02542552121287961,51812,False
B0,8,5,1,0.9826320130808124,0.00024169617001087632,432,False
B0,1,6,2,0.9853808872019104,4.4777743945704575e-05,65,False
B0,2,6,2,0.9945330598051713,0.49326071335030186,73448,True
B0,3,6,2,0.8225795419953388,0.0,0,False
B0,4,6,2,0.7860458677546456,0.0,0,False
B0,5,6,2,0.9542990500166307,0.0,0,False
B0,6,6,2,0.9791131409630163,9.932311298500717e-07,1,False
B0,7,6,2,0.9949588805500624,0.09207168110708162,60678,False
B0,8,6,2,0.9380166286320193,0.0,0,False
B0,1,7,3,0.774734166718172,7.444220456122276e-07,1,False
B0,2,7,3,0.63874616103031,1.7544629150401332e-05,2,False
B0,3,7,3,0.9683278803233895,0.21418292631311636,20242,True
B0,4,7,3,0.9651524190559615,0.03488517224163754,5590,False
B0,5,7,3,0.8493174951145708,3.6252440242383814e-06,2,False
B0,6,7,3,0.7951120232924113,0.0,0,False
B0,7,7,3,0.7286730536071064,1.6357161901552784e-06,1,False
B0,8,7,3,0.8729116501416301,0.0,0,False
B0,1,8,6,0.9972126758659886,0.03961571643445764,80542,False
B0,2,8,6,0.9575888235102039,9.38687850099467e-05,83,False
B0,3,8,6,0.9330303718450793,0.0,0,False
B0,4,8,6,0.8999668922295034,1.068229985642989e-06,1,False
B0,5,8,6,0.9976647816501157,0.3674601524493999,355241,False
B0,6,8,6,0.9993456184676435,0.24191486194835157,325061,True
B0,7,8,6,0.9900334517722708,0.0021709486022659682,2993,False
B0,8,8,6,0.9924394330903696,0.03075131487261724,32216,False
