priority,metric,window,source_metric,label,expression,kind,k,total_samples,common_samples,mean,sample_sd,repeat_sd,mean_undefined_reason,sample_sd_undefined_reason,repeat_sd_undefined_reason,common_sample_ids,excluded_sample_ids,repeat_1_mean,repeat_2_mean,repeat_3_mean,repeat_1_single_cluster_samples,repeat_2_single_cluster_samples,repeat_3_single_cluster_samples
1,LLA,3.0,adjusted_lla_3,LLA (3 x 3),A0,condition,8,49,49,0.43685269355773926,0.13072703778743744,0.03822629526257515,,,,"[""KYOw02702"", ""KYOw02707"", ""KYOw02708"", ""KYOw02709"", ""KYOw02715"", ""KYOw02716"", ""KYOw02717"", ""KYOw02719"", ""KYOw02720"", ""KYOw02751"", ""KYOw02752"", ""KYOw02754"", ""KYOw02756"", ""KYOw02758"", ""KYOw02759"", ""KYOw02760"", ""KYOw02762"", ""KYOw02763"", ""KYOw02764"", ""KYOw02766"", ""KYOw02767"", ""KYOw02768"", ""KYOw02769"", ""KYOw02770"", ""KYOw02771"", ""KYOw02772"", ""KYOw02773"", ""KYOw02774"", ""KYOw02775"", ""KYOw02776"", ""KYOw02777"", ""KYOw02780"", ""KYOw02783"", ""KYOw02784"", ""KYOw02787"", ""KYOw02788"", ""KYOw02789"", ""KYOw02790"", ""KYOw16662"", ""KYOw16666"", ""KYOw16700"", ""KYOw16702"", ""KYOw16711"", ""KYOw16714"", ""KYOw16716"", ""KYOw16719"", ""KYOw16737"", ""KYOw16744"", ""KYOw16750""]",[],0.48062923550605774,0.4100694954395294,0.4198593497276306,,,
1,LLA,3.0,adjusted_lla_3,LLA (3 x 3),A1,condition,8,49,49,0.39373111724853516,0.10275065153837204,0.04984408989548683,,,,"[""KYOw02702"", ""KYOw02707"", ""KYOw02708"", ""KYOw02709"", ""KYOw02715"", ""KYOw02716"", ""KYOw02717"", ""KYOw02719"", ""KYOw02720"", ""KYOw02751"", ""KYOw02752"", ""KYOw02754"", ""KYOw02756"", ""KYOw02758"", ""KYOw02759"", ""KYOw02760"", ""KYOw02762"", ""KYOw02763"", ""KYOw02764"", ""KYOw02766"", ""KYOw02767"", ""KYOw02768"", ""KYOw02769"", ""KYOw02770"", ""KYOw02771"", ""KYOw02772"", ""KYOw02773"", ""KYOw02774"", ""KYOw02775"", ""KYOw02776"", ""KYOw02777"", ""KYOw02780"", ""KYOw02783"", ""KYOw02784"", ""KYOw02787"", ""KYOw02788"", ""KYOw02789"", ""KYOw02790"", ""KYOw16662"", ""KYOw16666"", ""KYOw16700"", ""KYOw16702"", ""KYOw16711"", ""KYOw16714"", ""KYOw16716"", ""KYOw16719"", ""KYOw16737"", ""KYOw16744"", ""KYOw16750""]",[],0.35175657272338867,0.38061511516571045,0.4488217234611511,,,
1,LLA,3.0,adjusted_lla_3,LLA (3 x 3),B0,condition,8,49,49,0.5482488870620728,0.09223874658346176,0.0012599092442542315,,,,"[""KYOw02702"", ""KYOw02707"", ""KYOw02708"", ""KYOw02709"", ""KYOw02715"", ""KYOw02716"", ""KYOw02717"", ""KYOw02719"", ""KYOw02720"", ""KYOw02751"", ""KYOw02752"", ""KYOw02754"", ""KYOw02756"", ""KYOw02758"", ""KYOw02759"", ""KYOw02760"", ""KYOw02762"", ""KYOw02763"", ""KYOw02764"", ""KYOw02766"", ""KYOw02767"", ""KYOw02768"", ""KYOw02769"", ""KYOw02770"", ""KYOw02771"", ""KYOw02772"", ""KYOw02773"", ""KYOw02774"", ""KYOw02775"", ""KYOw02776"", ""KYOw02777"", ""KYOw02780"", ""KYOw02783"", ""KYOw02784"", ""KYOw02787"", ""KYOw02788"", ""KYOw02789"", ""KYOw02790"", ""KYOw16662"", ""KYOw16666"", ""KYOw16700"", ""KYOw16702"", ""KYOw16711"", ""KYOw16714"", ""KYOw16716"", ""KYOw16719"", ""KYOw16737"", ""KYOw16744"", ""KYOw16750""]",[],0.5485885739326477,0.5468539595603943,0.5493041276931763,,,
1,LLA,3.0,adjusted_lla_3,LLA (3 x 3),B1,condition,8,49,49,0.5370433926582336,0.1003112941980362,0.007886573672294617,,,,"[""KYOw02702"", ""KYOw02707"", ""KYOw02708"", ""KYOw02709"", ""KYOw02715"", ""KYOw02716"", ""KYOw02717"", ""KYOw02719"", ""KYOw02720"", ""KYOw02751"", ""KYOw02752"", ""KYOw02754"", ""KYOw02756"", ""KYOw02758"", ""KYOw02759"", ""KYOw02760"", ""KYOw02762"", ""KYOw02763"", ""KYOw02764"", ""KYOw02766"", ""KYOw02767"", ""KYOw02768"", ""KYOw02769"", ""KYOw02770"", ""KYOw02771"", ""KYOw02772"", ""KYOw02773"", ""KYOw02774"", ""KYOw02775"", ""KYOw02776"", ""KYOw02777"", ""KYOw02780"", ""KYOw02783"", ""KYOw02784"", ""KYOw02787"", ""KYOw02788"", ""KYOw02789"", ""KYOw02790"", ""KYOw16662"", ""KYOw16666"", ""KYOw16700"", ""KYOw16702"", ""KYOw16711"", ""KYOw16714"", ""KYOw16716"", ""KYOw16719"", ""KYOw16737"", ""KYOw16744"", ""KYOw16750""]",[],0.5416975617408752,0.5279375314712524,0.541495144367218,,,
1,LLA,3.0,adjusted_lla_3,LLA (3 x 3),M00,condition,8,49,49,0.5984004139900208,0.08385471999645233,0.010145928710699081,,,,"[""KYOw02702"", ""KYOw02707"", ""KYOw02708"", ""KYOw02709"", ""KYOw02715"", ""KYOw02716"", ""KYOw02717"", ""KYOw02719"", ""KYOw02720"", ""KYOw02751"", ""KYOw02752"", ""KYOw02754"", ""KYOw02756"", ""KYOw02758"", ""KYOw02759"", ""KYOw02760"", ""KYOw02762"", ""KYOw02763"", ""KYOw02764"", ""KYOw02766"", ""KYOw02767"", ""KYOw02768"", ""KYOw02769"", ""KYOw02770"", ""KYOw02771"", ""KYOw02772"", ""KYOw02773"", ""KYOw02774"", ""KYOw02775"", ""KYOw02776"", ""KYOw02777"", ""KYOw02780"", ""KYOw02783"", ""KYOw02784"", ""KYOw02787"", ""KYOw02788"", ""KYOw02789"", ""KYOw02790"", ""KYOw16662"", ""KYOw16666"", ""KYOw16700"", ""KYOw16702"", ""KYOw16711"", ""KYOw16714"", ""KYOw16716"", ""KYOw16719"", ""KYOw16737"", ""KYOw16744"", ""KYOw16750""]",[],0.5873815417289734,0.6004634499549866,0.6073563098907471,,,
1,LLA,3.0,adjusted_lla_3,LLA (3 x 3),M01,condition,8,49,49,0.5991031527519226,0.09444694221019745,0.00505328644067049,,,,"[""KYOw02702"", ""KYOw02707"", ""KYOw02708"", ""KYOw02709"", ""KYOw02715"", ""KYOw02716"", ""KYOw02717"", ""KYOw02719"", ""KYOw02720"", ""KYOw02751"", ""KYOw02752"", ""KYOw02754"", ""KYOw02756"", ""KYOw02758"", ""KYOw02759"", ""KYOw02760"", ""KYOw02762"", ""KYOw02763"", ""KYOw02764"", ""KYOw02766"", ""KYOw02767"", ""KYOw02768"", ""KYOw02769"", ""KYOw02770"", ""KYOw02771"", ""KYOw02772"", ""KYOw02773"", ""KYOw02774"", ""KYOw02775"", ""KYOw02776"", ""KYOw02777"", ""KYOw02780"", ""KYOw02783"", ""KYOw02784"", ""KYOw02787"", ""KYOw02788"", ""KYOw02789"", ""KYOw02790"", ""KYOw16662"", ""KYOw16666"", ""KYOw16700"", ""KYOw16702"", ""KYOw16711"", ""KYOw16714"", ""KYOw16716"", ""KYOw16719"", ""KYOw16737"", ""KYOw16744"", ""KYOw16750""]",[],0.6037397384643555,0.5998528003692627,0.5937169194221497,,,
1,LLA,3.0,adjusted_lla_3,LLA (3 x 3),M10,condition,8,49,49,0.6032054424285889,0.08939673751592636,0.008457147516310215,,,,"[""KYOw02702"", ""KYOw02707"", ""KYOw02708"", ""KYOw02709"", ""KYOw02715"", ""KYOw02716"", ""KYOw02717"", ""KYOw02719"", ""KYOw02720"", ""KYOw02751"", ""KYOw02752"", ""KYOw02754"", ""KYOw02756"", ""KYOw02758"", ""KYOw02759"", ""KYOw02760"", ""KYOw02762"", ""KYOw02763"", ""KYOw02764"", ""KYOw02766"", ""KYOw02767"", ""KYOw02768"", ""KYOw02769"", ""KYOw02770"", ""KYOw02771"", ""KYOw02772"", ""KYOw02773"", ""KYOw02774"", ""KYOw02775"", ""KYOw02776"", ""KYOw02777"", ""KYOw02780"", ""KYOw02783"", ""KYOw02784"", ""KYOw02787"", ""KYOw02788"", ""KYOw02789"", ""KYOw02790"", ""KYOw16662"", ""KYOw16666"", ""KYOw16700"", ""KYOw16702"", ""KYOw16711"", ""KYOw16714"", ""KYOw16716"", ""KYOw16719"", ""KYOw16737"", ""KYOw16744"", ""KYOw16750""]",[],0.5940162539482117,0.6106622815132141,0.6049377918243408,,,
1,LLA,3.0,adjusted_lla_3,LLA (3 x 3),M11,condition,8,49,49,0.6088922619819641,0.08943245559930801,0.016488652676343918,,,,"[""KYOw02702"", ""KYOw02707"", ""KYOw02708"", ""KYOw02709"", ""KYOw02715"", ""KYOw02716"", ""KYOw02717"", ""KYOw02719"", ""KYOw02720"", ""KYOw02751"", ""KYOw02752"", ""KYOw02754"", ""KYOw02756"", ""KYOw02758"", ""KYOw02759"", ""KYOw02760"", ""KYOw02762"", ""KYOw02763"", ""KYOw02764"", ""KYOw02766"", ""KYOw02767"", ""KYOw02768"", ""KYOw02769"", ""KYOw02770"", ""KYOw02771"", ""KYOw02772"", ""KYOw02773"", ""KYOw02774"", ""KYOw02775"", ""KYOw02776"", ""KYOw02777"", ""KYOw02780"", ""KYOw02783"", ""KYOw02784"", ""KYOw02787"", ""KYOw02788"", ""KYOw02789"", ""KYOw02790"", ""KYOw16662"", ""KYOw16666"", ""KYOw16700"", ""KYOw16702"", ""KYOw16711"", ""KYOw16714"", ""KYOw16716"", ""KYOw16719"", ""KYOw16737"", ""KYOw16744"", ""KYOw16750""]",[],0.6005257368087769,0.5982641577720642,0.6278868913650513,,,
1,LLA,5.0,adjusted_lla_5,LLA (5 x 5),A0,condition,8,49,49,0.38132575154304504,0.1210598275065422,0.036011263728141785,,,,"[""KYOw02702"", ""KYOw02707"", ""KYOw02708"", ""KYOw02709"", ""KYOw02715"", ""KYOw02716"", ""KYOw02717"", ""KYOw02719"", ""KYOw02720"", ""KYOw02751"", ""KYOw02752"", ""KYOw02754"", ""KYOw02756"", ""KYOw02758"", ""KYOw02759"", ""KYOw02760"", ""KYOw02762"", ""KYOw02763"", ""KYOw02764"", ""KYOw02766"", ""KYOw02767"", ""KYOw02768"", ""KYOw02769"", ""KYOw02770"", ""KYOw02771"", ""KYOw02772"", ""KYOw02773"", ""KYOw02774"", ""KYOw02775"", ""KYOw02776"", ""KYOw02777"", ""KYOw02780"", ""KYOw02783"", ""KYOw02784"", ""KYOw02787"", ""KYOw02788"", ""KYOw02789"", ""KYOw02790"", ""KYOw16662"", ""KYOw16666"", ""KYOw16700"", ""KYOw16702"", ""KYOw16711"", ""KYOw16714"", ""KYOw16716"", ""KYOw16719"", ""KYOw16737"", ""KYOw16744"", ""KYOw16750""]",[],0.4225843846797943,0.35621246695518494,0.36518046259880066,,,
1,LLA,5.0,adjusted_lla_5,LLA (5 x 5),A1,condition,8,49,49,0.34066450595855713,0.09412243217229843,0.043531667441129684,,,,"[""KYOw02702"", ""KYOw02707"", ""KYOw02708"", ""KYOw02709"", ""KYOw02715"", ""KYOw02716"", ""KYOw02717"", ""KYOw02719"", ""KYOw02720"", ""KYOw02751"", ""KYOw02752"", ""KYOw02754"", ""KYOw02756"", ""KYOw02758"", ""KYOw02759"", ""KYOw02760"", ""KYOw02762"", ""KYOw02763"", ""KYOw02764"", ""KYOw02766"", ""KYOw02767"", ""KYOw02768"", ""KYOw02769"", ""KYOw02770"", ""KYOw02771"", ""KYOw02772"", ""KYOw02773"", ""KYOw02774"", ""KYOw02775"", ""KYOw02776"", ""KYOw02777"", ""KYOw02780"", ""KYOw02783"", ""KYOw02784"", ""KYOw02787"", ""KYOw02788"", ""KYOw02789"", ""KYOw02790"", ""KYOw16662"", ""KYOw16666"", ""KYOw16700"", ""KYOw16702"", ""KYOw16711"", ""KYOw16714"", ""KYOw16716"", ""KYOw16719"", ""KYOw16737"", ""KYOw16744"", ""KYOw16750""]",[],0.30496296286582947,0.3278712332248688,0.38915929198265076,,,
1,LLA,5.0,adjusted_lla_5,LLA (5 x 5),B0,condition,8,49,49,0.45021185278892517,0.0914064422249794,0.0016841352917253971,,,,"[""KYOw02702"", ""KYOw02707"", ""KYOw02708"", ""KYOw02709"", ""KYOw02715"", ""KYOw02716"", ""KYOw02717"", ""KYOw02719"", ""KYOw02720"", ""KYOw02751"", ""KYOw02752"", ""KYOw02754"", ""KYOw02756"", ""KYOw02758"", ""KYOw02759"", ""KYOw02760"", ""KYOw02762"", ""KYOw02763"", ""KYOw02764"", ""KYOw02766"", ""KYOw02767"", ""KYOw02768"", ""KYOw02769"", ""KYOw02770"", ""KYOw02771"", ""KYOw02772"", ""KYOw02773"", ""KYOw02774"", ""KYOw02775"", ""KYOw02776"", ""KYOw02777"", ""KYOw02780"", ""KYOw02783"", ""KYOw02784"", ""KYOw02787"", ""KYOw02788"", ""KYOw02789"", ""KYOw02790"", ""KYOw16662"", ""KYOw16666"", ""KYOw16700"", ""KYOw16702"", ""KYOw16711"", ""KYOw16714"", ""KYOw16716"", ""KYOw16719"", ""KYOw16737"", ""KYOw16744"", ""KYOw16750""]",[],0.4505176842212677,0.4483957588672638,0.451722115278244,,,
1,LLA,5.0,adjusted_lla_5,LLA (5 x 5),B1,condition,8,49,49,0.4582890570163727,0.09867975860834122,0.006996944546699524,,,,"[""KYOw02702"", ""KYOw02707"", ""KYOw02708"", ""KYOw02709"", ""KYOw02715"", ""KYOw02716"", ""KYOw02717"", ""KYOw02719"", ""KYOw02720"", ""KYOw02751"", ""KYOw02752"", ""KYOw02754"", ""KYOw02756"", ""KYOw02758"", ""KYOw02759"", ""KYOw02760"", ""KYOw02762"", ""KYOw02763"", ""KYOw02764"", ""KYOw02766"", ""KYOw02767"", ""KYOw02768"", ""KYOw02769"", ""KYOw02770"", ""KYOw02771"", ""KYOw02772"", ""KYOw02773"", ""KYOw02774"", ""KYOw02775"", ""KYOw02776"", ""KYOw02777"", ""KYOw02780"", ""KYOw02783"", ""KYOw02784"", ""KYOw02787"", ""KYOw02788"", ""KYOw02789"", ""KYOw02790"", ""KYOw16662"", ""KYOw16666"", ""KYOw16700"", ""KYOw16702"", ""KYOw16711"", ""KYOw16714"", ""KYOw16716"", ""KYOw16719"", ""KYOw16737"", ""KYOw16744"", ""KYOw16750""]",[],0.46302080154418945,0.4502517580986023,0.4615946412086487,,,
1,LLA,5.0,adjusted_lla_5,LLA (5 x 5),M00,condition,8,49,49,0.5095669031143188,0.08222145587205887,0.01146447192877531,,,,"[""KYOw02702"", ""KYOw02707"", ""KYOw02708"", ""KYOw02709"", ""KYOw02715"", ""KYOw02716"", ""KYOw02717"", ""KYOw02719"", ""KYOw02720"", ""KYOw02751"", ""KYOw02752"", ""KYOw02754"", ""KYOw02756"", ""KYOw02758"", ""KYOw02759"", ""KYOw02760"", ""KYOw02762"", ""KYOw02763"", ""KYOw02764"", ""KYOw02766"", ""KYOw02767"", ""KYOw02768"", ""KYOw02769"", ""KYOw02770"", ""KYOw02771"", ""KYOw02772"", ""KYOw02773"", ""KYOw02774"", ""KYOw02775"", ""KYOw02776"", ""KYOw02777"", ""KYOw02780"", ""KYOw02783"", ""KYOw02784"", ""KYOw02787"", ""KYOw02788"", ""KYOw02789"", ""KYOw02790"", ""KYOw16662"", ""KYOw16666"", ""KYOw16700"", ""KYOw16702"", ""KYOw16711"", ""KYOw16714"", ""KYOw16716"", ""KYOw16719"", ""KYOw16737"", ""KYOw16744"", ""KYOw16750""]",[],0.4976428151130676,0.5105493664741516,0.5205085277557373,,,
1,LLA,5.0,adjusted_lla_5,LLA (5 x 5),M01,condition,8,49,49,0.5090520977973938,0.09156204760074615,0.006648174021393061,,,,"[""KYOw02702"", ""KYOw02707"", ""KYOw02708"", ""KYOw02709"", ""KYOw02715"", ""KYOw02716"", ""KYOw02717"", ""KYOw02719"", ""KYOw02720"", ""KYOw02751"", ""KYOw02752"", ""KYOw02754"", ""KYOw02756"", ""KYOw02758"", ""KYOw02759"", ""KYOw02760"", ""KYOw02762"", ""KYOw02763"", ""KYOw02764"", ""KYOw02766"", ""KYOw02767"", ""KYOw02768"", ""KYOw02769"", ""KYOw02770"", ""KYOw02771"", ""KYOw02772"", ""KYOw02773"", ""KYOw02774"", ""KYOw02775"", ""KYOw02776"", ""KYOw02777"", ""KYOw02780"", ""KYOw02783"", ""KYOw02784"", ""KYOw02787"", ""KYOw02788"", ""KYOw02789"", ""KYOw02790"", ""KYOw16662"", ""KYOw16666"", ""KYOw16700"", ""KYOw16702"", ""KYOw16711"", ""KYOw16714"", ""KYOw16716"", ""KYOw16719"", ""KYOw16737"", ""KYOw16744"", ""KYOw16750""]",[],0.5153079628944397,0.5097773671150208,0.5020710825920105,,,
1,LLA,5.0,adjusted_lla_5,LLA (5 x 5),M10,condition,8,49,49,0.5128945708274841,0.0862269401550293,0.009409869089722633,,,,"[""KYOw02702"", ""KYOw02707"", ""KYOw02708"", ""KYOw02709"", ""KYOw02715"", ""KYOw02716"", ""KYOw02717"", ""KYOw02719"", ""KYOw02720"", ""KYOw02751"", ""KYOw02752"", ""KYOw02754"", ""KYOw02756"", ""KYOw02758"", ""KYOw02759"", ""KYOw02760"", ""KYOw02762"", ""KYOw02763"", ""KYOw02764"", ""KYOw02766"", ""KYOw02767"", ""KYOw02768"", ""KYOw02769"", ""KYOw02770"", ""KYOw02771"", ""KYOw02772"", ""KYOw02773"", ""KYOw02774"", ""KYOw02775"", ""KYOw02776"", ""KYOw02777"", ""KYOw02780"", ""KYOw02783"", ""KYOw02784"", ""KYOw02787"", ""KYOw02788"", ""KYOw02789"", ""KYOw02790"", ""KYOw16662"", ""KYOw16666"", ""KYOw16700"", ""KYOw16702"", ""KYOw16711"", ""KYOw16714"", ""KYOw16716"", ""KYOw16719"", ""KYOw16737"", ""KYOw16744"", ""KYOw16750""]",[],0.5029858946800232,0.5217101573944092,0.51398766040802,,,
1,LLA,5.0,adjusted_lla_5,LLA (5 x 5),M11,condition,8,49,49,0.5192677974700928,0.08753878623247147,0.01795225962996483,,,,"[""KYOw02702"", ""KYOw02707"", ""KYOw02708"", ""KYOw02709"", ""KYOw02715"", ""KYOw02716"", ""KYOw02717"", ""KYOw02719"", ""KYOw02720"", ""KYOw02751"", ""KYOw02752"", ""KYOw02754"", ""KYOw02756"", ""KYOw02758"", ""KYOw02759"", ""KYOw02760"", ""KYOw02762"", ""KYOw02763"", ""KYOw02764"", ""KYOw02766"", ""KYOw02767"", ""KYOw02768"", ""KYOw02769"", ""KYOw02770"", ""KYOw02771"", ""KYOw02772"", ""KYOw02773"", ""KYOw02774"", ""KYOw02775"", ""KYOw02776"", ""KYOw02777"", ""KYOw02780"", ""KYOw02783"", ""KYOw02784"", ""KYOw02787"", ""KYOw02788"", ""KYOw02789"", ""KYOw02790"", ""KYOw16662"", ""KYOw16666"", ""KYOw16700"", ""KYOw16702"", ""KYOw16711"", ""KYOw16714"", ""KYOw16716"", ""KYOw16719"", ""KYOw16737"", ""KYOw16744"", ""KYOw16750""]",[],0.509748101234436,0.5080804228782654,0.5399749279022217,,,
1,LLA,9.0,adjusted_lla_9,LLA (9 x 9),A0,condition,8,49,49,0.30980345606803894,0.10601441562175751,0.030388837680220604,,,,"[""KYOw02702"", ""KYOw02707"", ""KYOw02708"", ""KYOw02709"", ""KYOw02715"", ""KYOw02716"", ""KYOw02717"", ""KYOw02719"", ""KYOw02720"", ""KYOw02751"", ""KYOw02752"", ""KYOw02754"", ""KYOw02756"", ""KYOw02758"", ""KYOw02759"", ""KYOw02760"", ""KYOw02762"", ""KYOw02763"", ""KYOw02764"", ""KYOw02766"", ""KYOw02767"", ""KYOw02768"", ""KYOw02769"", ""KYOw02770"", ""KYOw02771"", ""KYOw02772"", ""KYOw02773"", ""KYOw02774"", ""KYOw02775"", ""KYOw02776"", ""KYOw02777"", ""KYOw02780"", ""KYOw02783"", ""KYOw02784"", ""KYOw02787"", ""KYOw02788"", ""KYOw02789"", ""KYOw02790"", ""KYOw16662"", ""KYOw16666"", ""KYOw16700"", ""KYOw16702"", ""KYOw16711"", ""KYOw16714"", ""KYOw16716"", ""KYOw16719"", ""KYOw16737"", ""KYOw16744"", ""KYOw16750""]",[],0.3445378243923187,0.28812065720558167,0.2967519164085388,,,
1,LLA,9.0,adjusted_lla_9,LLA (9 x 9),A1,condition,8,49,49,0.27266061305999756,0.08222977072000504,0.03624475374817848,,,,"[""KYOw02702"", ""KYOw02707"", ""KYOw02708"", ""KYOw02709"", ""KYOw02715"", ""KYOw02716"", ""KYOw02717"", ""KYOw02719"", ""KYOw02720"", ""KYOw02751"", ""KYOw02752"", ""KYOw02754"", ""KYOw02756"", ""KYOw02758"", ""KYOw02759"", ""KYOw02760"", ""KYOw02762"", ""KYOw02763"", ""KYOw02764"", ""KYOw02766"", ""KYOw02767"", ""KYOw02768"", ""KYOw02769"", ""KYOw02770"", ""KYOw02771"", ""KYOw02772"", ""KYOw02773"", ""KYOw02774"", ""KYOw02775"", ""KYOw02776"", ""KYOw02777"", ""KYOw02780"", ""KYOw02783"", ""KYOw02784"", ""KYOw02787"", ""KYOw02788"", ""KYOw02789"", ""KYOw02790"", ""KYOw16662"", ""KYOw16666"", ""KYOw16700"", ""KYOw16702"", ""KYOw16711"", ""KYOw16714"", ""KYOw16716"", ""KYOw16719"", ""KYOw16737"", ""KYOw16744"", ""KYOw16750""]",[],0.24503175914287567,0.259250670671463,0.3136994242668152,,,
1,LLA,9.0,adjusted_lla_9,LLA (9 x 9),B0,condition,8,49,49,0.345057874917984,0.07479385286569595,0.002407902618870139,,,,"[""KYOw02702"", ""KYOw02707"", ""KYOw02708"", ""KYOw02709"", ""KYOw02715"", ""KYOw02716"", ""KYOw02717"", ""KYOw02719"", ""KYOw02720"", ""KYOw02751"", ""KYOw02752"", ""KYOw02754"", ""KYOw02756"", ""KYOw02758"", ""KYOw02759"", ""KYOw02760"", ""KYOw02762"", ""KYOw02763"", ""KYOw02764"", ""KYOw02766"", ""KYOw02767"", ""KYOw02768"", ""KYOw02769"", ""KYOw02770"", ""KYOw02771"", ""KYOw02772"", ""KYOw02773"", ""KYOw02774"", ""KYOw02775"", ""KYOw02776"", ""KYOw02777"", ""KYOw02780"", ""KYOw02783"", ""KYOw02784"", ""KYOw02787"", ""KYOw02788"", ""KYOw02789"", ""KYOw02790"", ""KYOw16662"", ""KYOw16666"", ""KYOw16700"", ""KYOw16702"", ""KYOw16711"", ""KYOw16714"", ""KYOw16716"", ""KYOw16719"", ""KYOw16737"", ""KYOw16744"", ""KYOw16750""]",[],0.34589460492134094,0.3423432409763336,0.34693580865859985,,,
1,LLA,9.0,adjusted_lla_9,LLA (9 x 9),B1,condition,8,49,49,0.36610159277915955,0.08588384091854095,0.007339830044656992,,,,"[""KYOw02702"", ""KYOw02707"", ""KYOw02708"", ""KYOw02709"", ""KYOw02715"", ""KYOw02716"", ""KYOw02717"", ""KYOw02719"", ""KYOw02720"", ""KYOw02751"", ""KYOw02752"", ""KYOw02754"", ""KYOw02756"", ""KYOw02758"", ""KYOw02759"", ""KYOw02760"", ""KYOw02762"", ""KYOw02763"", ""KYOw02764"", ""KYOw02766"", ""KYOw02767"", ""KYOw02768"", ""KYOw02769"", ""KYOw02770"", ""KYOw02771"", ""KYOw02772"", ""KYOw02773"", ""KYOw02774"", ""KYOw02775"", ""KYOw02776"", ""KYOw02777"", ""KYOw02780"", ""KYOw02783"", ""KYOw02784"", ""KYOw02787"", ""KYOw02788"", ""KYOw02789"", ""KYOw02790"", ""KYOw16662"", ""KYOw16666"", ""KYOw16700"", ""KYOw16702"", ""KYOw16711"", ""KYOw16714"", ""KYOw16716"", ""KYOw16719"", ""KYOw16737"", ""KYOw16744"", ""KYOw16750""]",[],0.3709700405597687,0.35765931010246277,0.3696754276752472,,,
1,LLA,9.0,adjusted_lla_9,LLA (9 x 9),M00,condition,8,49,49,0.40488100051879883,0.07238295674324036,0.011670442298054695,,,,"[""KYOw02702"", ""KYOw02707"", ""KYOw02708"", ""KYOw02709"", ""KYOw02715"", ""KYOw02716"", ""KYOw02717"", ""KYOw02719"", ""KYOw02720"", ""KYOw02751"", ""KYOw02752"", ""KYOw02754"", ""KYOw02756"", ""KYOw02758"", ""KYOw02759"", ""KYOw02760"", ""KYOw02762"", ""KYOw02763"", ""KYOw02764"", ""KYOw02766"", ""KYOw02767"", ""KYOw02768"", ""KYOw02769"", ""KYOw02770"", ""KYOw02771"", ""KYOw02772"", ""KYOw02773"", ""KYOw02774"", ""KYOw02775"", ""KYOw02776"", ""KYOw02777"", ""KYOw02780"", ""KYOw02783"", ""KYOw02784"", ""KYOw02787"", ""KYOw02788"", ""KYOw02789"", ""KYOw02790"", ""KYOw16662"", ""KYOw16666"", ""KYOw16700"", ""KYOw16702"", ""KYOw16711"", ""KYOw16714"", ""KYOw16716"", ""KYOw16719"", ""KYOw16737"", ""KYOw16744"", ""KYOw16750""]",[],0.3933526575565338,0.4046017527580261,0.4166885316371918,,,
1,LLA,9.0,adjusted_lla_9,LLA (9 x 9),M01,condition,8,49,49,0.4020397365093231,0.07968267798423767,0.007628213614225388,,,,"[""KYOw02702"", ""KYOw02707"", ""KYOw02708"", ""KYOw02709"", ""KYOw02715"", ""KYOw02716"", ""KYOw02717"", ""KYOw02719"", ""KYOw02720"", ""KYOw02751"", ""KYOw02752"", ""KYOw02754"", ""KYOw02756"", ""KYOw02758"", ""KYOw02759"", ""KYOw02760"", ""KYOw02762"", ""KYOw02763"", ""KYOw02764"", ""KYOw02766"", ""KYOw02767"", ""KYOw02768"", ""KYOw02769"", ""KYOw02770"", ""KYOw02771"", ""KYOw02772"", ""KYOw02773"", ""KYOw02774"", ""KYOw02775"", ""KYOw02776"", ""KYOw02777"", ""KYOw02780"", ""KYOw02783"", ""KYOw02784"", ""KYOw02787"", ""KYOw02788"", ""KYOw02789"", ""KYOw02790"", ""KYOw16662"", ""KYOw16666"", ""KYOw16700"", ""KYOw16702"", ""KYOw16711"", ""KYOw16714"", ""KYOw16716"", ""KYOw16719"", ""KYOw16737"", ""KYOw16744"", ""KYOw16750""]",[],0.40808942914009094,0.40455928444862366,0.3934704661369324,,,
1,LLA,9.0,adjusted_lla_9,LLA (9 x 9),M10,condition,8,49,49,0.40563955903053284,0.07281376421451569,0.0100850285962224,,,,"[""KYOw02702"", ""KYOw02707"", ""KYOw02708"", ""KYOw02709"", ""KYOw02715"", ""KYOw02716"", ""KYOw02717"", ""KYOw02719"", ""KYOw02720"", ""KYOw02751"", ""KYOw02752"", ""KYOw02754"", ""KYOw02756"", ""KYOw02758"", ""KYOw02759"", ""KYOw02760"", ""KYOw02762"", ""KYOw02763"", ""KYOw02764"", ""KYOw02766"", ""KYOw02767"", ""KYOw02768"", ""KYOw02769"", ""KYOw02770"", ""KYOw02771"", ""KYOw02772"", ""KYOw02773"", ""KYOw02774"", ""KYOw02775"", ""KYOw02776"", ""KYOw02777"", ""KYOw02780"", ""KYOw02783"", ""KYOw02784"", ""KYOw02787"", ""KYOw02788"", ""KYOw02789"", ""KYOw02790"", ""KYOw16662"", ""KYOw16666"", ""KYOw16700"", ""KYOw16702"", ""KYOw16711"", ""KYOw16714"", ""KYOw16716"", ""KYOw16719"", ""KYOw16737"", ""KYOw16744"", ""KYOw16750""]",[],0.39616721868515015,0.4162420630455017,0.40450939536094666,,,
1,LLA,9.0,adjusted_lla_9,LLA (9 x 9),M11,condition,8,49,49,0.41160130500793457,0.07792794704437256,0.016883734613656998,,,,"[""KYOw02702"", ""KYOw02707"", ""KYOw02708"", ""KYOw02709"", ""KYOw02715"", ""KYOw02716"", ""KYOw02717"", ""KYOw02719"", ""KYOw02720"", ""KYOw02751"", ""KYOw02752"", ""KYOw02754"", ""KYOw02756"", ""KYOw02758"", ""KYOw02759"", ""KYOw02760"", ""KYOw02762"", ""KYOw02763"", ""KYOw02764"", ""KYOw02766"", ""KYOw02767"", ""KYOw02768"", ""KYOw02769"", ""KYOw02770"", ""KYOw02771"", ""KYOw02772"", ""KYOw02773"", ""KYOw02774"", ""KYOw02775"", ""KYOw02776"", ""KYOw02777"", ""KYOw02780"", ""KYOw02783"", ""KYOw02784"", ""KYOw02787"", ""KYOw02788"", ""KYOw02789"", ""KYOw02790"", ""KYOw16662"", ""KYOw16666"", ""KYOw16700"", ""KYOw16702"", ""KYOw16711"", ""KYOw16714"", ""KYOw16716"", ""KYOw16719"", ""KYOw16737"", ""KYOw16744"", ""KYOw16750""]",[],0.40068578720092773,0.40306979417800903,0.43104830384254456,,,
2,LFR(TGN+FS),,lfr_both,LFR(TGN+FS),A0,condition,8,49,49,0.5578122735023499,0.1155591532588005,0.025950655341148376,,,,"[""KYOw02702"", ""KYOw02707"", ""KYOw02708"", ""KYOw02709"", ""KYOw02715"", ""KYOw02716"", ""KYOw02717"", ""KYOw02719"", ""KYOw02720"", ""KYOw02751"", ""KYOw02752"", ""KYOw02754"", ""KYOw02756"", ""KYOw02758"", ""KYOw02759"", ""KYOw02760"", ""KYOw02762"", ""KYOw02763"", ""KYOw02764"", ""KYOw02766"", ""KYOw02767"", ""KYOw02768"", ""KYOw02769"", ""KYOw02770"", ""KYOw02771"", ""KYOw02772"", ""KYOw02773"", ""KYOw02774"", ""KYOw02775"", ""KYOw02776"", ""KYOw02777"", ""KYOw02780"", ""KYOw02783"", ""KYOw02784"", ""KYOw02787"", ""KYOw02788"", ""KYOw02789"", ""KYOw02790"", ""KYOw16662"", ""KYOw16666"", ""KYOw16700"", ""KYOw16702"", ""KYOw16711"", ""KYOw16714"", ""KYOw16716"", ""KYOw16719"", ""KYOw16737"", ""KYOw16744"", ""KYOw16750""]",[],0.5292462110519409,0.5642582774162292,0.579932451248169,,,
2,LFR(TGN+FS),,lfr_both,LFR(TGN+FS),A1,condition,8,49,49,0.2518523037433624,0.07462740689516068,0.030709605664014816,,,,"[""KYOw02702"", ""KYOw02707"", ""KYOw02708"", ""KYOw02709"", ""KYOw02715"", ""KYOw02716"", ""KYOw02717"", ""KYOw02719"", ""KYOw02720"", ""KYOw02751"", ""KYOw02752"", ""KYOw02754"", ""KYOw02756"", ""KYOw02758"", ""KYOw02759"", ""KYOw02760"", ""KYOw02762"", ""KYOw02763"", ""KYOw02764"", ""KYOw02766"", ""KYOw02767"", ""KYOw02768"", ""KYOw02769"", ""KYOw02770"", ""KYOw02771"", ""KYOw02772"", ""KYOw02773"", ""KYOw02774"", ""KYOw02775"", ""KYOw02776"", ""KYOw02777"", ""KYOw02780"", ""KYOw02783"", ""KYOw02784"", ""KYOw02787"", ""KYOw02788"", ""KYOw02789"", ""KYOw02790"", ""KYOw16662"", ""KYOw16666"", ""KYOw16700"", ""KYOw16702"", ""KYOw16711"", ""KYOw16714"", ""KYOw16716"", ""KYOw16719"", ""KYOw16737"", ""KYOw16744"", ""KYOw16750""]",[],0.2843814790248871,0.24781343340873718,0.22336195409297943,,,
2,LFR(TGN+FS),,lfr_both,LFR(TGN+FS),B0,condition,8,49,49,0.13809731602668762,0.02934819646179676,0.0014205826446413994,,,,"[""KYOw02702"", ""KYOw02707"", ""KYOw02708"", ""KYOw02709"", ""KYOw02715"", ""KYOw02716"", ""KYOw02717"", ""KYOw02719"", ""KYOw02720"", ""KYOw02751"", ""KYOw02752"", ""KYOw02754"", ""KYOw02756"", ""KYOw02758"", ""KYOw02759"", ""KYOw02760"", ""KYOw02762"", ""KYOw02763"", ""KYOw02764"", ""KYOw02766"", ""KYOw02767"", ""KYOw02768"", ""KYOw02769"", ""KYOw02770"", ""KYOw02771"", ""KYOw02772"", ""KYOw02773"", ""KYOw02774"", ""KYOw02775"", ""KYOw02776"", ""KYOw02777"", ""KYOw02780"", ""KYOw02783"", ""KYOw02784"", ""KYOw02787"", ""KYOw02788"", ""KYOw02789"", ""KYOw02790"", ""KYOw16662"", ""KYOw16666"", ""KYOw16700"", ""KYOw16702"", ""KYOw16711"", ""KYOw16714"", ""KYOw16716"", ""KYOw16719"", ""KYOw16737"", ""KYOw16744"", ""KYOw16750""]",[],0.13678587973117828,0.13960635662078857,0.1378997266292572,,,
2,LFR(TGN+FS),,lfr_both,LFR(TGN+FS),B1,condition,8,49,49,0.20114286243915558,0.07913999259471893,0.0013425961369648576,,,,"[""KYOw02702"", ""KYOw02707"", ""KYOw02708"", ""KYOw02709"", ""KYOw02715"", ""KYOw02716"", ""KYOw02717"", ""KYOw02719"", ""KYOw02720"", ""KYOw02751"", ""KYOw02752"", ""KYOw02754"", ""KYOw02756"", ""KYOw02758"", ""KYOw02759"", ""KYOw02760"", ""KYOw02762"", ""KYOw02763"", ""KYOw02764"", ""KYOw02766"", ""KYOw02767"", ""KYOw02768"", ""KYOw02769"", ""KYOw02770"", ""KYOw02771"", ""KYOw02772"", ""KYOw02773"", ""KYOw02774"", ""KYOw02775"", ""KYOw02776"", ""KYOw02777"", ""KYOw02780"", ""KYOw02783"", ""KYOw02784"", ""KYOw02787"", ""KYOw02788"", ""KYOw02789"", ""KYOw02790"", ""KYOw16662"", ""KYOw16666"", ""KYOw16700"", ""KYOw16702"", ""KYOw16711"", ""KYOw16714"", ""KYOw16716"", ""KYOw16719"", ""KYOw16737"", ""KYOw16744"", ""KYOw16750""]",[],0.20193743705749512,0.20189844071865082,0.1995927393436432,,,
2,LFR(TGN+FS),,lfr_both,LFR(TGN+FS),M00,condition,8,49,49,0.26884233951568604,0.08576158434152603,0.01654302515089512,,,,"[""KYOw02702"", ""KYOw02707"", ""KYOw02708"", ""KYOw02709"", ""KYOw02715"", ""KYOw02716"", ""KYOw02717"", ""KYOw02719"", ""KYOw02720"", ""KYOw02751"", ""KYOw02752"", ""KYOw02754"", ""KYOw02756"", ""KYOw02758"", ""KYOw02759"", ""KYOw02760"", ""KYOw02762"", ""KYOw02763"", ""KYOw02764"", ""KYOw02766"", ""KYOw02767"", ""KYOw02768"", ""KYOw02769"", ""KYOw02770"", ""KYOw02771"", ""KYOw02772"", ""KYOw02773"", ""KYOw02774"", ""KYOw02775"", ""KYOw02776"", ""KYOw02777"", ""KYOw02780"", ""KYOw02783"", ""KYOw02784"", ""KYOw02787"", ""KYOw02788"", ""KYOw02789"", ""KYOw02790"", ""KYOw16662"", ""KYOw16666"", ""KYOw16700"", ""KYOw16702"", ""KYOw16711"", ""KYOw16714"", ""KYOw16716"", ""KYOw16719"", ""KYOw16737"", ""KYOw16744"", ""KYOw16750""]",[],0.26792436838150024,0.25277742743492126,0.285825252532959,,,
2,LFR(TGN+FS),,lfr_both,LFR(TGN+FS),M01,condition,8,49,49,0.1677643060684204,0.07465028762817383,0.007465952076017857,,,,"[""KYOw02702"", ""KYOw02707"", ""KYOw02708"", ""KYOw02709"", ""KYOw02715"", ""KYOw02716"", ""KYOw02717"", ""KYOw02719"", ""KYOw02720"", ""KYOw02751"", ""KYOw02752"", ""KYOw02754"", ""KYOw02756"", ""KYOw02758"", ""KYOw02759"", ""KYOw02760"", ""KYOw02762"", ""KYOw02763"", ""KYOw02764"", ""KYOw02766"", ""KYOw02767"", ""KYOw02768"", ""KYOw02769"", ""KYOw02770"", ""KYOw02771"", ""KYOw02772"", ""KYOw02773"", ""KYOw02774"", ""KYOw02775"", ""KYOw02776"", ""KYOw02777"", ""KYOw02780"", ""KYOw02783"", ""KYOw02784"", ""KYOw02787"", ""KYOw02788"", ""KYOw02789"", ""KYOw02790"", ""KYOw16662"", ""KYOw16666"", ""KYOw16700"", ""KYOw16702"", ""KYOw16711"", ""KYOw16714"", ""KYOw16716"", ""KYOw16719"", ""KYOw16737"", ""KYOw16744"", ""KYOw16750""]",[],0.17167699337005615,0.15915526449680328,0.17246070504188538,,,
2,LFR(TGN+FS),,lfr_both,LFR(TGN+FS),M10,condition,8,49,49,0.21401436626911163,0.08116617798805237,0.026225699111819267,,,,"[""KYOw02702"", ""KYOw02707"", ""KYOw02708"", ""KYOw02709"", ""KYOw02715"", ""KYOw02716"", ""KYOw02717"", ""KYOw02719"", ""KYOw02720"", ""KYOw02751"", ""KYOw02752"", ""KYOw02754"", ""KYOw02756"", ""KYOw02758"", ""KYOw02759"", ""KYOw02760"", ""KYOw02762"", ""KYOw02763"", ""KYOw02764"", ""KYOw02766"", ""KYOw02767"", ""KYOw02768"", ""KYOw02769"", ""KYOw02770"", ""KYOw02771"", ""KYOw02772"", ""KYOw02773"", ""KYOw02774"", ""KYOw02775"", ""KYOw02776"", ""KYOw02777"", ""KYOw02780"", ""KYOw02783"", ""KYOw02784"", ""KYOw02787"", ""KYOw02788"", ""KYOw02789"", ""KYOw02790"", ""KYOw16662"", ""KYOw16666"", ""KYOw16700"", ""KYOw16702"", ""KYOw16711"", ""KYOw16714"", ""KYOw16716"", ""KYOw16719"", ""KYOw16737"", ""KYOw16744"", ""KYOw16750""]",[],0.23063282668590546,0.18378125131130219,0.22762906551361084,,,
2,LFR(TGN+FS),,lfr_both,LFR(TGN+FS),M11,condition,8,49,49,0.08905384689569473,0.03846510127186775,0.006584816612303257,,,,"[""KYOw02702"", ""KYOw02707"", ""KYOw02708"", ""KYOw02709"", ""KYOw02715"", ""KYOw02716"", ""KYOw02717"", ""KYOw02719"", ""KYOw02720"", ""KYOw02751"", ""KYOw02752"", ""KYOw02754"", ""KYOw02756"", ""KYOw02758"", ""KYOw02759"", ""KYOw02760"", ""KYOw02762"", ""KYOw02763"", ""KYOw02764"", ""KYOw02766"", ""KYOw02767"", ""KYOw02768"", ""KYOw02769"", ""KYOw02770"", ""KYOw02771"", ""KYOw02772"", ""KYOw02773"", ""KYOw02774"", ""KYOw02775"", ""KYOw02776"", ""KYOw02777"", ""KYOw02780"", ""KYOw02783"", ""KYOw02784"", ""KYOw02787"", ""KYOw02788"", ""KYOw02789"", ""KYOw02790"", ""KYOw16662"", ""KYOw16666"", ""KYOw16700"", ""KYOw16702"", ""KYOw16711"", ""KYOw16714"", ""KYOw16716"", ""KYOw16719"", ""KYOw16737"", ""KYOw16744"", ""KYOw16750""]",[],0.08882126212120056,0.08258841186761856,0.09575188159942627,,,
2,LFR(TGN),,lfr_noise,LFR(TGN),A0,condition,8,49,49,0.2393222600221634,0.06387384235858917,0.03018287755548954,,,,"[""KYOw02702"", ""KYOw02707"", ""KYOw02708"", ""KYOw02709"", ""KYOw02715"", ""KYOw02716"", ""KYOw02717"", ""KYOw02719"", ""KYOw02720"", ""KYOw02751"", ""KYOw02752"", ""KYOw02754"", ""KYOw02756"", ""KYOw02758"", ""KYOw02759"", ""KYOw02760"", ""KYOw02762"", ""KYOw02763"", ""KYOw02764"", ""KYOw02766"", ""KYOw02767"", ""KYOw02768"", ""KYOw02769"", ""KYOw02770"", ""KYOw02771"", ""KYOw02772"", ""KYOw02773"", ""KYOw02774"", ""KYOw02775"", ""KYOw02776"", ""KYOw02777"", ""KYOw02780"", ""KYOw02783"", ""KYOw02784"", ""KYOw02787"", ""KYOw02788"", ""KYOw02789"", ""KYOw02790"", ""KYOw16662"", ""KYOw16666"", ""KYOw16700"", ""KYOw16702"", ""KYOw16711"", ""KYOw16714"", ""KYOw16716"", ""KYOw16719"", ""KYOw16737"", ""KYOw16744"", ""KYOw16750""]",[],0.20548714697360992,0.26347824931144714,0.2490013837814331,,,
2,LFR(TGN),,lfr_noise,LFR(TGN),A1,condition,8,49,49,0.22429539263248444,0.0668768584728241,0.02729828469455242,,,,"[""KYOw02702"", ""KYOw02707"", ""KYOw02708"", ""KYOw02709"", ""KYOw02715"", ""KYOw02716"", ""KYOw02717"", ""KYOw02719"", ""KYOw02720"", ""KYOw02751"", ""KYOw02752"", ""KYOw02754"", ""KYOw02756"", ""KYOw02758"", ""KYOw02759"", ""KYOw02760"", ""KYOw02762"", ""KYOw02763"", ""KYOw02764"", ""KYOw02766"", ""KYOw02767"", ""KYOw02768"", ""KYOw02769"", ""KYOw02770"", ""KYOw02771"", ""KYOw02772"", ""KYOw02773"", ""KYOw02774"", ""KYOw02775"", ""KYOw02776"", ""KYOw02777"", ""KYOw02780"", ""KYOw02783"", ""KYOw02784"", ""KYOw02787"", ""KYOw02788"", ""KYOw02789"", ""KYOw02790"", ""KYOw16662"", ""KYOw16666"", ""KYOw16700"", ""KYOw16702"", ""KYOw16711"", ""KYOw16714"", ""KYOw16716"", ""KYOw16719"", ""KYOw16737"", ""KYOw16744"", ""KYOw16750""]",[],0.25356602668762207,0.21979019045829773,0.1995299756526947,,,
2,LFR(TGN),,lfr_noise,LFR(TGN),B0,condition,8,49,49,0.025898640975356102,0.005953048821538687,0.0005006089340895414,,,,"[""KYOw02702"", ""KYOw02707"", ""KYOw02708"", ""KYOw02709"", ""KYOw02715"", ""KYOw02716"", ""KYOw02717"", ""KYOw02719"", ""KYOw02720"", ""KYOw02751"", ""KYOw02752"", ""KYOw02754"", ""KYOw02756"", ""KYOw02758"", ""KYOw02759"", ""KYOw02760"", ""KYOw02762"", ""KYOw02763"", ""KYOw02764"", ""KYOw02766"", ""KYOw02767"", ""KYOw02768"", ""KYOw02769"", ""KYOw02770"", ""KYOw02771"", ""KYOw02772"", ""KYOw02773"", ""KYOw02774"", ""KYOw02775"", ""KYOw02776"", ""KYOw02777"", ""KYOw02780"", ""KYOw02783"", ""KYOw02784"", ""KYOw02787"", ""KYOw02788"", ""KYOw02789"", ""KYOw02790"", ""KYOw16662"", ""KYOw16666"", ""KYOw16700"", ""KYOw16702"", ""KYOw16711"", ""KYOw16714"", ""KYOw16716"", ""KYOw16719"", ""KYOw16737"", ""KYOw16744"", ""KYOw16750""]",[],0.025408199056982994,0.026408832520246506,0.025878893211483955,,,
2,LFR(TGN),,lfr_noise,LFR(TGN),B1,condition,8,49,49,0.055051516741514206,0.0206152256578207,0.0006838185945525765,,,,"[""KYOw02702"", ""KYOw02707"", ""KYOw02708"", ""KYOw02709"", ""KYOw02715"", ""KYOw02716"", ""KYOw02717"", ""KYOw02719"", ""KYOw02720"", ""KYOw02751"", ""KYOw02752"", ""KYOw02754"", ""KYOw02756"", ""KYOw02758"", ""KYOw02759"", ""KYOw02760"", ""KYOw02762"", ""KYOw02763"", ""KYOw02764"", ""KYOw02766"", ""KYOw02767"", ""KYOw02768"", ""KYOw02769"", ""KYOw02770"", ""KYOw02771"", ""KYOw02772"", ""KYOw02773"", ""KYOw02774"", ""KYOw02775"", ""KYOw02776"", ""KYOw02777"", ""KYOw02780"", ""KYOw02783"", ""KYOw02784"", ""KYOw02787"", ""KYOw02788"", ""KYOw02789"", ""KYOw02790"", ""KYOw16662"", ""KYOw16666"", ""KYOw16700"", ""KYOw16702"", ""KYOw16711"", ""KYOw16714"", ""KYOw16716"", ""KYOw16719"", ""KYOw16737"", ""KYOw16744"", ""KYOw16750""]",[],0.05536545068025589,0.055521998554468155,0.05426710098981857,,,
2,LFR(TGN),,lfr_noise,LFR(TGN),M00,condition,8,49,49,0.16934597492218018,0.06467466056346893,0.009462889283895493,,,,"[""KYOw02702"", ""KYOw02707"", ""KYOw02708"", ""KYOw02709"", ""KYOw02715"", ""KYOw02716"", ""KYOw02717"", ""KYOw02719"", ""KYOw02720"", ""KYOw02751"", ""KYOw02752"", ""KYOw02754"", ""KYOw02756"", ""KYOw02758"", ""KYOw02759"", ""KYOw02760"", ""KYOw02762"", ""KYOw02763"", ""KYOw02764"", ""KYOw02766"", ""KYOw02767"", ""KYOw02768"", ""KYOw02769"", ""KYOw02770"", ""KYOw02771"", ""KYOw02772"", ""KYOw02773"", ""KYOw02774"", ""KYOw02775"", ""KYOw02776"", ""KYOw02777"", ""KYOw02780"", ""KYOw02783"", ""KYOw02784"", ""KYOw02787"", ""KYOw02788"", ""KYOw02789"", ""KYOw02790"", ""KYOw16662"", ""KYOw16666"", ""KYOw16700"", ""KYOw16702"", ""KYOw16711"", ""KYOw16714"", ""KYOw16716"", ""KYOw16719"", ""KYOw16737"", ""KYOw16744"", ""KYOw16750""]",[],0.17553047835826874,0.15845243632793427,0.1740550398826599,,,
2,LFR(TGN),,lfr_noise,LFR(TGN),M01,condition,8,49,49,0.16678591072559357,0.07560260593891144,0.005308434832841158,,,,"[""KYOw02702"", ""KYOw02707"", ""KYOw02708"", ""KYOw02709"", ""KYOw02715"", ""KYOw02716"", ""KYOw02717"", ""KYOw02719"", ""KYOw02720"", ""KYOw02751"", ""KYOw02752"", ""KYOw02754"", ""KYOw02756"", ""KYOw02758"", ""KYOw02759"", ""KYOw02760"", ""KYOw02762"", ""KYOw02763"", ""KYOw02764"", ""KYOw02766"", ""KYOw02767"", ""KYOw02768"", ""KYOw02769"", ""KYOw02770"", ""KYOw02771"", ""KYOw02772"", ""KYOw02773"", ""KYOw02774"", ""KYOw02775"", ""KYOw02776"", ""KYOw02777"", ""KYOw02780"", ""KYOw02783"", ""KYOw02784"", ""KYOw02787"", ""KYOw02788"", ""KYOw02789"", ""KYOw02790"", ""KYOw16662"", ""KYOw16666"", ""KYOw16700"", ""KYOw16702"", ""KYOw16711"", ""KYOw16714"", ""KYOw16716"", ""KYOw16719"", ""KYOw16737"", ""KYOw16744"", ""KYOw16750""]",[],0.1710454225540161,0.16083884239196777,0.168473482131958,,,
2,LFR(TGN),,lfr_noise,LFR(TGN),M10,condition,8,49,49,0.08484020829200745,0.03845522552728653,0.009376725181937218,,,,"[""KYOw02702"", ""KYOw02707"", ""KYOw02708"", ""KYOw02709"", ""KYOw02715"", ""KYOw02716"", ""KYOw02717"", ""KYOw02719"", ""KYOw02720"", ""KYOw02751"", ""KYOw02752"", ""KYOw02754"", ""KYOw02756"", ""KYOw02758"", ""KYOw02759"", ""KYOw02760"", ""KYOw02762"", ""KYOw02763"", ""KYOw02764"", ""KYOw02766"", ""KYOw02767"", ""KYOw02768"", ""KYOw02769"", ""KYOw02770"", ""KYOw02771"", ""KYOw02772"", ""KYOw02773"", ""KYOw02774"", ""KYOw02775"", ""KYOw02776"", ""KYOw02777"", ""KYOw02780"", ""KYOw02783"", ""KYOw02784"", ""KYOw02787"", ""KYOw02788"", ""KYOw02789"", ""KYOw02790"", ""KYOw16662"", ""KYOw16666"", ""KYOw16700"", ""KYOw16702"", ""KYOw16711"", ""KYOw16714"", ""KYOw16716"", ""KYOw16719"", ""KYOw16737"", ""KYOw16744"", ""KYOw16750""]",[],0.09385661780834198,0.07514054328203201,0.08552344888448715,,,
2,LFR(TGN),,lfr_noise,LFR(TGN),M11,condition,8,49,49,0.08151668310165405,0.035706259310245514,0.005432122386991978,,,,"[""KYOw02702"", ""KYOw02707"", ""KYOw02708"", ""KYOw02709"", ""KYOw02715"", ""KYOw02716"", ""KYOw02717"", ""KYOw02719"", ""KYOw02720"", ""KYOw02751"", ""KYOw02752"", ""KYOw02754"", ""KYOw02756"", ""KYOw02758"", ""KYOw02759"", ""KYOw02760"", ""KYOw02762"", ""KYOw02763"", ""KYOw02764"", ""KYOw02766"", ""KYOw02767"", ""KYOw02768"", ""KYOw02769"", ""KYOw02770"", ""KYOw02771"", ""KYOw02772"", ""KYOw02773"", ""KYOw02774"", ""KYOw02775"", ""KYOw02776"", ""KYOw02777"", ""KYOw02780"", ""KYOw02783"", ""KYOw02784"", ""KYOw02787"", ""KYOw02788"", ""KYOw02789"", ""KYOw02790"", ""KYOw16662"", ""KYOw16666"", ""KYOw16700"", ""KYOw16702"", ""KYOw16711"", ""KYOw16714"", ""KYOw16716"", ""KYOw16719"", ""KYOw16737"", ""KYOw16744"", ""KYOw16750""]",[],0.08113839477300644,0.07628359645605087,0.08712806552648544,,,
2,LFR(FS),,lfr_shift,LFR(FS),A0,condition,8,49,49,0.5384413599967957,0.12434633076190948,0.02881581336259842,,,,"[""KYOw02702"", ""KYOw02707"", ""KYOw02708"", ""KYOw02709"", ""KYOw02715"", ""KYOw02716"", ""KYOw02717"", ""KYOw02719"", ""KYOw02720"", ""KYOw02751"", ""KYOw02752"", ""KYOw02754"", ""KYOw02756"", ""KYOw02758"", ""KYOw02759"", ""KYOw02760"", ""KYOw02762"", ""KYOw02763"", ""KYOw02764"", ""KYOw02766"", ""KYOw02767"", ""KYOw02768"", ""KYOw02769"", ""KYOw02770"", ""KYOw02771"", ""KYOw02772"", ""KYOw02773"", ""KYOw02774"", ""KYOw02775"", ""KYOw02776"", ""KYOw02777"", ""KYOw02780"", ""KYOw02783"", ""KYOw02784"", ""KYOw02787"", ""KYOw02788"", ""KYOw02789"", ""KYOw02790"", ""KYOw16662"", ""KYOw16666"", ""KYOw16700"", ""KYOw16702"", ""KYOw16711"", ""KYOw16714"", ""KYOw16716"", ""KYOw16719"", ""KYOw16737"", ""KYOw16744"", ""KYOw16750""]",[],0.5090406537055969,0.539649248123169,0.5666342973709106,,,
2,LFR(FS),,lfr_shift,LFR(FS),A1,condition,8,49,49,0.08089271932840347,0.026998795568943024,0.012234266847372055,,,,"[""KYOw02702"", ""KYOw02707"", ""KYOw02708"", ""KYOw02709"", ""KYOw02715"", ""KYOw02716"", ""KYOw02717"", ""KYOw02719"", ""KYOw02720"", ""KYOw02751"", ""KYOw02752"", ""KYOw02754"", ""KYOw02756"", ""KYOw02758"", ""KYOw02759"", ""KYOw02760"", ""KYOw02762"", ""KYOw02763"", ""KYOw02764"", ""KYOw02766"", ""KYOw02767"", ""KYOw02768"", ""KYOw02769"", ""KYOw02770"", ""KYOw02771"", ""KYOw02772"", ""KYOw02773"", ""KYOw02774"", ""KYOw02775"", ""KYOw02776"", ""KYOw02777"", ""KYOw02780"", ""KYOw02783"", ""KYOw02784"", ""KYOw02787"", ""KYOw02788"", ""KYOw02789"", ""KYOw02790"", ""KYOw16662"", ""KYOw16666"", ""KYOw16700"", ""KYOw16702"", ""KYOw16711"", ""KYOw16714"", ""KYOw16716"", ""KYOw16719"", ""KYOw16737"", ""KYOw16744"", ""KYOw16750""]",[],0.09499917924404144,0.07449756562709808,0.0731814056634903,,,
2,LFR(FS),,lfr_shift,LFR(FS),B0,condition,8,49,49,0.13546127080917358,0.029166553169488907,0.0012605281081050634,,,,"[""KYOw02702"", ""KYOw02707"", ""KYOw02708"", ""KYOw02709"", ""KYOw02715"", ""KYOw02716"", ""KYOw02717"", ""KYOw02719"", ""KYOw02720"", ""KYOw02751"", ""KYOw02752"", ""KYOw02754"", ""KYOw02756"", ""KYOw02758"", ""KYOw02759"", ""KYOw02760"", ""KYOw02762"", ""KYOw02763"", ""KYOw02764"", ""KYOw02766"", ""KYOw02767"", ""KYOw02768"", ""KYOw02769"", ""KYOw02770"", ""KYOw02771"", ""KYOw02772"", ""KYOw02773"", ""KYOw02774"", ""KYOw02775"", ""KYOw02776"", ""KYOw02777"", ""KYOw02780"", ""KYOw02783"", ""KYOw02784"", ""KYOw02787"", ""KYOw02788"", ""KYOw02789"", ""KYOw02790"", ""KYOw16662"", ""KYOw16666"", ""KYOw16700"", ""KYOw16702"", ""KYOw16711"", ""KYOw16714"", ""KYOw16716"", ""KYOw16719"", ""KYOw16737"", ""KYOw16744"", ""KYOw16750""]",[],0.13425104320049286,0.1367667019367218,0.13536608219146729,,,
2,LFR(FS),,lfr_shift,LFR(FS),B1,condition,8,49,49,0.1904689520597458,0.07788415998220444,0.0008987418841570616,,,,"[""KYOw02702"", ""KYOw02707"", ""KYOw02708"", ""KYOw02709"", ""KYOw02715"", ""KYOw02716"", ""KYOw02717"", ""KYOw02719"", ""KYOw02720"", ""KYOw02751"", ""KYOw02752"", ""KYOw02754"", ""KYOw02756"", ""KYOw02758"", ""KYOw02759"", ""KYOw02760"", ""KYOw02762"", ""KYOw02763"", ""KYOw02764"", ""KYOw02766"", ""KYOw02767"", ""KYOw02768"", ""KYOw02769"", ""KYOw02770"", ""KYOw02771"", ""KYOw02772"", ""KYOw02773"", ""KYOw02774"", ""KYOw02775"", ""KYOw02776"", ""KYOw02777"", ""KYOw02780"", ""KYOw02783"", ""KYOw02784"", ""KYOw02787"", ""KYOw02788"", ""KYOw02789"", ""KYOw02790"", ""KYOw16662"", ""KYOw16666"", ""KYOw16700"", ""KYOw16702"", ""KYOw16711"", ""KYOw16714"", ""KYOw16716"", ""KYOw16719"", ""KYOw16737"", ""KYOw16744"", ""KYOw16750""]",[],0.19060243666172028,0.19129347801208496,0.18951092660427094,,,
2,LFR(FS),,lfr_shift,LFR(FS),M00,condition,8,49,49,0.22057461738586426,0.07945200800895691,0.028084643185138702,,,,"[""KYOw02702"", ""KYOw02707"", ""KYOw02708"", ""KYOw02709"", ""KYOw02715"", ""KYOw02716"", ""KYOw02717"", ""KYOw02719"", ""KYOw02720"", ""KYOw02751"", ""KYOw02752"", ""KYOw02754"", ""KYOw02756"", ""KYOw02758"", ""KYOw02759"", ""KYOw02760"", ""KYOw02762"", ""KYOw02763"", ""KYOw02764"", ""KYOw02766"", ""KYOw02767"", ""KYOw02768"", ""KYOw02769"", ""KYOw02770"", ""KYOw02771"", ""KYOw02772"", ""KYOw02773"", ""KYOw02774"", ""KYOw02775"", ""KYOw02776"", ""KYOw02777"", ""KYOw02780"", ""KYOw02783"", ""KYOw02784"", ""KYOw02787"", ""KYOw02788"", ""KYOw02789"", ""KYOw02790"", ""KYOw16662"", ""KYOw16666"", ""KYOw16700"", ""KYOw16702"", ""KYOw16711"", ""KYOw16714"", ""KYOw16716"", ""KYOw16719"", ""KYOw16737"", ""KYOw16744"", ""KYOw16750""]",[],0.21572241187095642,0.19523224234580994,0.2507692277431488,,,
2,LFR(FS),,lfr_shift,LFR(FS),M01,condition,8,49,49,0.03064875863492489,0.01701425574719906,0.005214707460254431,,,,"[""KYOw02702"", ""KYOw02707"", ""KYOw02708"", ""KYOw02709"", ""KYOw02715"", ""KYOw02716"", ""KYOw02717"", ""KYOw02719"", ""KYOw02720"", ""KYOw02751"", ""KYOw02752"", ""KYOw02754"", ""KYOw02756"", ""KYOw02758"", ""KYOw02759"", ""KYOw02760"", ""KYOw02762"", ""KYOw02763"", ""KYOw02764"", ""KYOw02766"", ""KYOw02767"", ""KYOw02768"", ""KYOw02769"", ""KYOw02770"", ""KYOw02771"", ""KYOw02772"", ""KYOw02773"", ""KYOw02774"", ""KYOw02775"", ""KYOw02776"", ""KYOw02777"", ""KYOw02780"", ""KYOw02783"", ""KYOw02784"", ""KYOw02787"", ""KYOw02788"", ""KYOw02789"", ""KYOw02790"", ""KYOw16662"", ""KYOw16666"", ""KYOw16700"", ""KYOw16702"", ""KYOw16711"", ""KYOw16714"", ""KYOw16716"", ""KYOw16719"", ""KYOw16737"", ""KYOw16744"", ""KYOw16750""]",[],0.029953377321362495,0.025816628709435463,0.03617626428604126,,,
2,LFR(FS),,lfr_shift,LFR(FS),M10,condition,8,49,49,0.20979100465774536,0.07753875106573105,0.0306842178106308,,,,"[""KYOw02702"", ""KYOw02707"", ""KYOw02708"", ""KYOw02709"", ""KYOw02715"", ""KYOw02716"", ""KYOw02717"", ""KYOw02719"", ""KYOw02720"", ""KYOw02751"", ""KYOw02752"", ""KYOw02754"", ""KYOw02756"", ""KYOw02758"", ""KYOw02759"", ""KYOw02760"", ""KYOw02762"", ""KYOw02763"", ""KYOw02764"", ""KYOw02766"", ""KYOw02767"", ""KYOw02768"", ""KYOw02769"", ""KYOw02770"", ""KYOw02771"", ""KYOw02772"", ""KYOw02773"", ""KYOw02774"", ""KYOw02775"", ""KYOw02776"", ""KYOw02777"", ""KYOw02780"", ""KYOw02783"", ""KYOw02784"", ""KYOw02787"", ""KYOw02788"", ""KYOw02789"", ""KYOw02790"", ""KYOw16662"", ""KYOw16666"", ""KYOw16700"", ""KYOw16702"", ""KYOw16711"", ""KYOw16714"", ""KYOw16716"", ""KYOw16719"", ""KYOw16737"", ""KYOw16744"", ""KYOw16750""]",[],0.2320297211408615,0.17478439211845398,0.2225589007139206,,,
2,LFR(FS),,lfr_shift,LFR(FS),M11,condition,8,49,49,0.023410791531205177,0.011853829957544804,0.002513843821361661,,,,"[""KYOw02702"", ""KYOw02707"", ""KYOw02708"", ""KYOw02709"", ""KYOw02715"", ""KYOw02716"", ""KYOw02717"", ""KYOw02719"", ""KYOw02720"", ""KYOw02751"", ""KYOw02752"", ""KYOw02754"", ""KYOw02756"", ""KYOw02758"", ""KYOw02759"", ""KYOw02760"", ""KYOw02762"", ""KYOw02763"", ""KYOw02764"", ""KYOw02766"", ""KYOw02767"", ""KYOw02768"", ""KYOw02769"", ""KYOw02770"", ""KYOw02771"", ""KYOw02772"", ""KYOw02773"", ""KYOw02774"", ""KYOw02775"", ""KYOw02776"", ""KYOw02777"", ""KYOw02780"", ""KYOw02783"", ""KYOw02784"", ""KYOw02787"", ""KYOw02788"", ""KYOw02789"", ""KYOw02790"", ""KYOw16662"", ""KYOw16666"", ""KYOw16700"", ""KYOw16702"", ""KYOw16711"", ""KYOw16714"", ""KYOw16716"", ""KYOw16719"", ""KYOw16737"", ""KYOw16744"", ""KYOw16750""]",[],0.023533279076218605,0.020837942138314247,0.02586115151643753,,,
3,ARI,,ari,ARI,A0,condition,8,49,49,0.3081638813018799,0.09326843917369843,,,,not_applicable_to_ARI_pairs,"[""KYOw02702"", ""KYOw02707"", ""KYOw02708"", ""KYOw02709"", ""KYOw02715"", ""KYOw02716"", ""KYOw02717"", ""KYOw02719"", ""KYOw02720"", ""KYOw02751"", ""KYOw02752"", ""KYOw02754"", ""KYOw02756"", ""KYOw02758"", ""KYOw02759"", ""KYOw02760"", ""KYOw02762"", ""KYOw02763"", ""KYOw02764"", ""KYOw02766"", ""KYOw02767"", ""KYOw02768"", ""KYOw02769"", ""KYOw02770"", ""KYOw02771"", ""KYOw02772"", ""KYOw02773"", ""KYOw02774"", ""KYOw02775"", ""KYOw02776"", ""KYOw02777"", ""KYOw02780"", ""KYOw02783"", ""KYOw02784"", ""KYOw02787"", ""KYOw02788"", ""KYOw02789"", ""KYOw02790"", ""KYOw16662"", ""KYOw16666"", ""KYOw16700"", ""KYOw16702"", ""KYOw16711"", ""KYOw16714"", ""KYOw16716"", ""KYOw16719"", ""KYOw16737"", ""KYOw16744"", ""KYOw16750""]",[],,,,,,
3,ARI,,ari,ARI,A1,condition,8,49,49,0.2965494394302368,0.10581736266613007,,,,not_applicable_to_ARI_pairs,"[""KYOw02702"", ""KYOw02707"", ""KYOw02708"", ""KYOw02709"", ""KYOw02715"", ""KYOw02716"", ""KYOw02717"", ""KYOw02719"", ""KYOw02720"", ""KYOw02751"", ""KYOw02752"", ""KYOw02754"", ""KYOw02756"", ""KYOw02758"", ""KYOw02759"", ""KYOw02760"", ""KYOw02762"", ""KYOw02763"", ""KYOw02764"", ""KYOw02766"", ""KYOw02767"", ""KYOw02768"", ""KYOw02769"", ""KYOw02770"", ""KYOw02771"", ""KYOw02772"", ""KYOw02773"", ""KYOw02774"", ""KYOw02775"", ""KYOw02776"", ""KYOw02777"", ""KYOw02780"", ""KYOw02783"", ""KYOw02784"", ""KYOw02787"", ""KYOw02788"", ""KYOw02789"", ""KYOw02790"", ""KYOw16662"", ""KYOw16666"", ""KYOw16700"", ""KYOw16702"", ""KYOw16711"", ""KYOw16714"", ""KYOw16716"", ""KYOw16719"", ""KYOw16737"", ""KYOw16744"", ""KYOw16750""]",[],,,,,,
3,ARI,,ari,ARI,B0,condition,8,49,49,0.7460817694664001,0.18327052891254425,,,,not_applicable_to_ARI_pairs,"[""KYOw02702"", ""KYOw02707"", ""KYOw02708"", ""KYOw02709"", ""KYOw02715"", ""KYOw02716"", ""KYOw02717"", ""KYOw02719"", ""KYOw02720"", ""KYOw02751"", ""KYOw02752"", ""KYOw02754"", ""KYOw02756"", ""KYOw02758"", ""KYOw02759"", ""KYOw02760"", ""KYOw02762"", ""KYOw02763"", ""KYOw02764"", ""KYOw02766"", ""KYOw02767"", ""KYOw02768"", ""KYOw02769"", ""KYOw02770"", ""KYOw02771"", ""KYOw02772"", ""KYOw02773"", ""KYOw02774"", ""KYOw02775"", ""KYOw02776"", ""KYOw02777"", ""KYOw02780"", ""KYOw02783"", ""KYOw02784"", ""KYOw02787"", ""KYOw02788"", ""KYOw02789"", ""KYOw02790"", ""KYOw16662"", ""KYOw16666"", ""KYOw16700"", ""KYOw16702"", ""KYOw16711"", ""KYOw16714"", ""KYOw16716"", ""KYOw16719"", ""KYOw16737"", ""KYOw16744"", ""KYOw16750""]",[],,,,,,
3,ARI,,ari,ARI,B1,condition,8,49,49,0.7103500366210938,0.19666294753551483,,,,not_applicable_to_ARI_pairs,"[""KYOw02702"", ""KYOw02707"", ""KYOw02708"", ""KYOw02709"", ""KYOw02715"", ""KYOw02716"", ""KYOw02717"", ""KYOw02719"", ""KYOw02720"", ""KYOw02751"", ""KYOw02752"", ""KYOw02754"", ""KYOw02756"", ""KYOw02758"", ""KYOw02759"", ""KYOw02760"", ""KYOw02762"", ""KYOw02763"", ""KYOw02764"", ""KYOw02766"", ""KYOw02767"", ""KYOw02768"", ""KYOw02769"", ""KYOw02770"", ""KYOw02771"", ""KYOw02772"", ""KYOw02773"", ""KYOw02774"", ""KYOw02775"", ""KYOw02776"", ""KYOw02777"", ""KYOw02780"", ""KYOw02783"", ""KYOw02784"", ""KYOw02787"", ""KYOw02788"", ""KYOw02789"", ""KYOw02790"", ""KYOw16662"", ""KYOw16666"", ""KYOw16700"", ""KYOw16702"", ""KYOw16711"", ""KYOw16714"", ""KYOw16716"", ""KYOw16719"", ""KYOw16737"", ""KYOw16744"", ""KYOw16750""]",[],,,,,,
3,ARI,,ari,ARI,M00,condition,8,49,49,0.4404585659503937,0.11726313829421997,,,,not_applicable_to_ARI_pairs,"[""KYOw02702"", ""KYOw02707"", ""KYOw02708"", ""KYOw02709"", ""KYOw02715"", ""KYOw02716"", ""KYOw02717"", ""KYOw02719"", ""KYOw02720"", ""KYOw02751"", ""KYOw02752"", ""KYOw02754"", ""KYOw02756"", ""KYOw02758"", ""KYOw02759"", ""KYOw02760"", ""KYOw02762"", ""KYOw02763"", ""KYOw02764"", ""KYOw02766"", ""KYOw02767"", ""KYOw02768"", ""KYOw02769"", ""KYOw02770"", ""KYOw02771"", ""KYOw02772"", ""KYOw02773"", ""KYOw02774"", ""KYOw02775"", ""KYOw02776"", ""KYOw02777"", ""KYOw02780"", ""KYOw02783"", ""KYOw02784"", ""KYOw02787"", ""KYOw02788"", ""KYOw02789"", ""KYOw02790"", ""KYOw16662"", ""KYOw16666"", ""KYOw16700"", ""KYOw16702"", ""KYOw16711"", ""KYOw16714"", ""KYOw16716"", ""KYOw16719"", ""KYOw16737"", ""KYOw16744"", ""KYOw16750""]",[],,,,,,
3,ARI,,ari,ARI,M01,condition,8,49,49,0.5312241315841675,0.15301746129989624,,,,not_applicable_to_ARI_pairs,"[""KYOw02702"", ""KYOw02707"", ""KYOw02708"", ""KYOw02709"", ""KYOw02715"", ""KYOw02716"", ""KYOw02717"", ""KYOw02719"", ""KYOw02720"", ""KYOw02751"", ""KYOw02752"", ""KYOw02754"", ""KYOw02756"", ""KYOw02758"", ""KYOw02759"", ""KYOw02760"", ""KYOw02762"", ""KYOw02763"", ""KYOw02764"", ""KYOw02766"", ""KYOw02767"", ""KYOw02768"", ""KYOw02769"", ""KYOw02770"", ""KYOw02771"", ""KYOw02772"", ""KYOw02773"", ""KYOw02774"", ""KYOw02775"", ""KYOw02776"", ""KYOw02777"", ""KYOw02780"", ""KYOw02783"", ""KYOw02784"", ""KYOw02787"", ""KYOw02788"", ""KYOw02789"", ""KYOw02790"", ""KYOw16662"", ""KYOw16666"", ""KYOw16700"", ""KYOw16702"", ""KYOw16711"", ""KYOw16714"", ""KYOw16716"", ""KYOw16719"", ""KYOw16737"", ""KYOw16744"", ""KYOw16750""]",[],,,,,,
3,ARI,,ari,ARI,M10,condition,8,49,49,0.5080180764198303,0.16559533774852753,,,,not_applicable_to_ARI_pairs,"[""KYOw02702"", ""KYOw02707"", ""KYOw02708"", ""KYOw02709"", ""KYOw02715"", ""KYOw02716"", ""KYOw02717"", ""KYOw02719"", ""KYOw02720"", ""KYOw02751"", ""KYOw02752"", ""KYOw02754"", ""KYOw02756"", ""KYOw02758"", ""KYOw02759"", ""KYOw02760"", ""KYOw02762"", ""KYOw02763"", ""KYOw02764"", ""KYOw02766"", ""KYOw02767"", ""KYOw02768"", ""KYOw02769"", ""KYOw02770"", ""KYOw02771"", ""KYOw02772"", ""KYOw02773"", ""KYOw02774"", ""KYOw02775"", ""KYOw02776"", ""KYOw02777"", ""KYOw02780"", ""KYOw02783"", ""KYOw02784"", ""KYOw02787"", ""KYOw02788"", ""KYOw02789"", ""KYOw02790"", ""KYOw16662"", ""KYOw16666"", ""KYOw16700"", ""KYOw16702"", ""KYOw16711"", ""KYOw16714"", ""KYOw16716"", ""KYOw16719"", ""KYOw16737"", ""KYOw16744"", ""KYOw16750""]",[],,,,,,
3,ARI,,ari,ARI,M11,condition,8,49,49,0.5036869049072266,0.17746448516845703,,,,not_applicable_to_ARI_pairs,"[""KYOw02702"", ""KYOw02707"", ""KYOw02708"", ""KYOw02709"", ""KYOw02715"", ""KYOw02716"", ""KYOw02717"", ""KYOw02719"", ""KYOw02720"", ""KYOw02751"", ""KYOw02752"", ""KYOw02754"", ""KYOw02756"", ""KYOw02758"", ""KYOw02759"", ""KYOw02760"", ""KYOw02762"", ""KYOw02763"", ""KYOw02764"", ""KYOw02766"", ""KYOw02767"", ""KYOw02768"", ""KYOw02769"", ""KYOw02770"", ""KYOw02771"", ""KYOw02772"", ""KYOw02773"", ""KYOw02774"", ""KYOw02775"", ""KYOw02776"", ""KYOw02777"", ""KYOw02780"", ""KYOw02783"", ""KYOw02784"", ""KYOw02787"", ""KYOw02788"", ""KYOw02789"", ""KYOw02790"", ""KYOw16662"", ""KYOw16666"", ""KYOw16700"", ""KYOw16702"", ""KYOw16711"", ""KYOw16714"", ""KYOw16716"", ""KYOw16719"", ""KYOw16737"", ""KYOw16744"", ""KYOw16750""]",[],,,,,,
4,Cosine-Silhouette,,silhouette,Cosine-Silhouette,A0,condition,8,49,49,0.2607947289943695,0.09860377013683319,0.02509376034140587,,,,"[""KYOw02702"", ""KYOw02707"", ""KYOw02708"", ""KYOw02709"", ""KYOw02715"", ""KYOw02716"", ""KYOw02717"", ""KYOw02719"", ""KYOw02720"", ""KYOw02751"", ""KYOw02752"", ""KYOw02754"", ""KYOw02756"", ""KYOw02758"", ""KYOw02759"", ""KYOw02760"", ""KYOw02762"", ""KYOw02763"", ""KYOw02764"", ""KYOw02766"", ""KYOw02767"", ""KYOw02768"", ""KYOw02769"", ""KYOw02770"", ""KYOw02771"", ""KYOw02772"", ""KYOw02773"", ""KYOw02774"", ""KYOw02775"", ""KYOw02776"", ""KYOw02777"", ""KYOw02780"", ""KYOw02783"", ""KYOw02784"", ""KYOw02787"", ""KYOw02788"", ""KYOw02789"", ""KYOw02790"", ""KYOw16662"", ""KYOw16666"", ""KYOw16700"", ""KYOw16702"", ""KYOw16711"", ""KYOw16714"", ""KYOw16716"", ""KYOw16719"", ""KYOw16737"", ""KYOw16744"", ""KYOw16750""]",[],0.23226560652256012,0.27944841980934143,0.270670086145401,,,
4,Cosine-Silhouette,,silhouette,Cosine-Silhouette,A1,condition,8,49,49,0.2430562525987625,0.08547717332839966,0.007059816271066666,,,,"[""KYOw02702"", ""KYOw02707"", ""KYOw02708"", ""KYOw02709"", ""KYOw02715"", ""KYOw02716"", ""KYOw02717"", ""KYOw02719"", ""KYOw02720"", ""KYOw02751"", ""KYOw02752"", ""KYOw02754"", ""KYOw02756"", ""KYOw02758"", ""KYOw02759"", ""KYOw02760"", ""KYOw02762"", ""KYOw02763"", ""KYOw02764"", ""KYOw02766"", ""KYOw02767"", ""KYOw02768"", ""KYOw02769"", ""KYOw02770"", ""KYOw02771"", ""KYOw02772"", ""KYOw02773"", ""KYOw02774"", ""KYOw02775"", ""KYOw02776"", ""KYOw02777"", ""KYOw02780"", ""KYOw02783"", ""KYOw02784"", ""KYOw02787"", ""KYOw02788"", ""KYOw02789"", ""KYOw02790"", ""KYOw16662"", ""KYOw16666"", ""KYOw16700"", ""KYOw16702"", ""KYOw16711"", ""KYOw16714"", ""KYOw16716"", ""KYOw16719"", ""KYOw16737"", ""KYOw16744"", ""KYOw16750""]",[],0.23508864641189575,0.24554714560508728,0.2485329955816269,,,
4,Cosine-Silhouette,,silhouette,Cosine-Silhouette,B0,condition,8,49,49,0.36754122376441956,0.07141391187906265,0.002403505612164736,,,,"[""KYOw02702"", ""KYOw02707"", ""KYOw02708"", ""KYOw02709"", ""KYOw02715"", ""KYOw02716"", ""KYOw02717"", ""KYOw02719"", ""KYOw02720"", ""KYOw02751"", ""KYOw02752"", ""KYOw02754"", ""KYOw02756"", ""KYOw02758"", ""KYOw02759"", ""KYOw02760"", ""KYOw02762"", ""KYOw02763"", ""KYOw02764"", ""KYOw02766"", ""KYOw02767"", ""KYOw02768"", ""KYOw02769"", ""KYOw02770"", ""KYOw02771"", ""KYOw02772"", ""KYOw02773"", ""KYOw02774"", ""KYOw02775"", ""KYOw02776"", ""KYOw02777"", ""KYOw02780"", ""KYOw02783"", ""KYOw02784"", ""KYOw02787"", ""KYOw02788"", ""KYOw02789"", ""KYOw02790"", ""KYOw16662"", ""KYOw16666"", ""KYOw16700"", ""KYOw16702"", ""KYOw16711"", ""KYOw16714"", ""KYOw16716"", ""KYOw16719"", ""KYOw16737"", ""KYOw16744"", ""KYOw16750""]",[],0.3692812919616699,0.3685436546802521,0.36479878425598145,,,
4,Cosine-Silhouette,,silhouette,Cosine-Silhouette,B1,condition,8,49,49,0.34306278824806213,0.08407126367092133,0.0121018560603261,,,,"[""KYOw02702"", ""KYOw02707"", ""KYOw02708"", ""KYOw02709"", ""KYOw02715"", ""KYOw02716"", ""KYOw02717"", ""KYOw02719"", ""KYOw02720"", ""KYOw02751"", ""KYOw02752"", ""KYOw02754"", ""KYOw02756"", ""KYOw02758"", ""KYOw02759"", ""KYOw02760"", ""KYOw02762"", ""KYOw02763"", ""KYOw02764"", ""KYOw02766"", ""KYOw02767"", ""KYOw02768"", ""KYOw02769"", ""KYOw02770"", ""KYOw02771"", ""KYOw02772"", ""KYOw02773"", ""KYOw02774"", ""KYOw02775"", ""KYOw02776"", ""KYOw02777"", ""KYOw02780"", ""KYOw02783"", ""KYOw02784"", ""KYOw02787"", ""KYOw02788"", ""KYOw02789"", ""KYOw02790"", ""KYOw16662"", ""KYOw16666"", ""KYOw16700"", ""KYOw16702"", ""KYOw16711"", ""KYOw16714"", ""KYOw16716"", ""KYOw16719"", ""KYOw16737"", ""KYOw16744"", ""KYOw16750""]",[],0.3307798206806183,0.34343352913856506,0.35497501492500305,,,
4,Cosine-Silhouette,,silhouette,Cosine-Silhouette,M00,condition,8,49,49,0.19680829346179962,0.10136262327432632,0.016018809750676155,,,,"[""KYOw02702"", ""KYOw02707"", ""KYOw02708"", ""KYOw02709"", ""KYOw02715"", ""KYOw02716"", ""KYOw02717"", ""KYOw02719"", ""KYOw02720"", ""KYOw02751"", ""KYOw02752"", ""KYOw02754"", ""KYOw02756"", ""KYOw02758"", ""KYOw02759"", ""KYOw02760"", ""KYOw02762"", ""KYOw02763"", ""KYOw02764"", ""KYOw02766"", ""KYOw02767"", ""KYOw02768"", ""KYOw02769"", ""KYOw02770"", ""KYOw02771"", ""KYOw02772"", ""KYOw02773"", ""KYOw02774"", ""KYOw02775"", ""KYOw02776"", ""KYOw02777"", ""KYOw02780"", ""KYOw02783"", ""KYOw02784"", ""KYOw02787"", ""KYOw02788"", ""KYOw02789"", ""KYOw02790"", ""KYOw16662"", ""KYOw16666"", ""KYOw16700"", ""KYOw16702"", ""KYOw16711"", ""KYOw16714"", ""KYOw16716"", ""KYOw16719"", ""KYOw16737"", ""KYOw16744"", ""KYOw16750""]",[],0.1830548197031021,0.2143964171409607,0.19297365844249725,,,
4,Cosine-Silhouette,,silhouette,Cosine-Silhouette,M01,condition,8,49,49,0.20355521142482758,0.1069832593202591,0.02102045714855194,,,,"[""KYOw02702"", ""KYOw02707"", ""KYOw02708"", ""KYOw02709"", ""KYOw02715"", ""KYOw02716"", ""KYOw02717"", ""KYOw02719"", ""KYOw02720"", ""KYOw02751"", ""KYOw02752"", ""KYOw02754"", ""KYOw02756"", ""KYOw02758"", ""KYOw02759"", ""KYOw02760"", ""KYOw02762"", ""KYOw02763"", ""KYOw02764"", ""KYOw02766"", ""KYOw02767"", ""KYOw02768"", ""KYOw02769"", ""KYOw02770"", ""KYOw02771"", ""KYOw02772"", ""KYOw02773"", ""KYOw02774"", ""KYOw02775"", ""KYOw02776"", ""KYOw02777"", ""KYOw02780"", ""KYOw02783"", ""KYOw02784"", ""KYOw02787"", ""KYOw02788"", ""KYOw02789"", ""KYOw02790"", ""KYOw16662"", ""KYOw16666"", ""KYOw16700"", ""KYOw16702"", ""KYOw16711"", ""KYOw16714"", ""KYOw16716"", ""KYOw16719"", ""KYOw16737"", ""KYOw16744"", ""KYOw16750""]",[],0.19285690784454346,0.22777283191680908,0.190035879611969,,,
4,Cosine-Silhouette,,silhouette,Cosine-Silhouette,M10,condition,8,49,49,0.1959131509065628,0.10695989429950714,0.02779628150165081,,,,"[""KYOw02702"", ""KYOw02707"", ""KYOw02708"", ""KYOw02709"", ""KYOw02715"", ""KYOw02716"", ""KYOw02717"", ""KYOw02719"", ""KYOw02720"", ""KYOw02751"", ""KYOw02752"", ""KYOw02754"", ""KYOw02756"", ""KYOw02758"", ""KYOw02759"", ""KYOw02760"", ""KYOw02762"", ""KYOw02763"", ""KYOw02764"", ""KYOw02766"", ""KYOw02767"", ""KYOw02768"", ""KYOw02769"", ""KYOw02770"", ""KYOw02771"", ""KYOw02772"", ""KYOw02773"", ""KYOw02774"", ""KYOw02775"", ""KYOw02776"", ""KYOw02777"", ""KYOw02780"", ""KYOw02783"", ""KYOw02784"", ""KYOw02787"", ""KYOw02788"", ""KYOw02789"", ""KYOw02790"", ""KYOw16662"", ""KYOw16666"", ""KYOw16700"", ""KYOw16702"", ""KYOw16711"", ""KYOw16714"", ""KYOw16716"", ""KYOw16719"", ""KYOw16737"", ""KYOw16744"", ""KYOw16750""]",[],0.17223171889781952,0.2265162169933319,0.18899154663085938,,,
4,Cosine-Silhouette,,silhouette,Cosine-Silhouette,M11,condition,8,49,49,0.19713710248470306,0.10357313603162766,0.01798941195011139,,,,"[""KYOw02702"", ""KYOw02707"", ""KYOw02708"", ""KYOw02709"", ""KYOw02715"", ""KYOw02716"", ""KYOw02717"", ""KYOw02719"", ""KYOw02720"", ""KYOw02751"", ""KYOw02752"", ""KYOw02754"", ""KYOw02756"", ""KYOw02758"", ""KYOw02759"", ""KYOw02760"", ""KYOw02762"", ""KYOw02763"", ""KYOw02764"", ""KYOw02766"", ""KYOw02767"", ""KYOw02768"", ""KYOw02769"", ""KYOw02770"", ""KYOw02771"", ""KYOw02772"", ""KYOw02773"", ""KYOw02774"", ""KYOw02775"", ""KYOw02776"", ""KYOw02777"", ""KYOw02780"", ""KYOw02783"", ""KYOw02784"", ""KYOw02787"", ""KYOw02788"", ""KYOw02789"", ""KYOw02790"", ""KYOw16662"", ""KYOw16666"", ""KYOw16700"", ""KYOw16702"", ""KYOw16711"", ""KYOw16714"", ""KYOw16716"", ""KYOw16719"", ""KYOw16737"", ""KYOw16744"", ""KYOw16750""]",[],0.1954934000968933,0.21589195728302002,0.18002595007419586,,,
5,Cluster Occupancy,,used_clusters,Cluster Occupancy: used clusters,A0,condition,8,49,49,7.442176870748299,0.7403319922884223,0.06234796863885523,,,,"[""KYOw02702"", ""KYOw02707"", ""KYOw02708"", ""KYOw02709"", ""KYOw02715"", ""KYOw02716"", ""KYOw02717"", ""KYOw02719"", ""KYOw02720"", ""KYOw02751"", ""KYOw02752"", ""KYOw02754"", ""KYOw02756"", ""KYOw02758"", ""KYOw02759"", ""KYOw02760"", ""KYOw02762"", ""KYOw02763"", ""KYOw02764"", ""KYOw02766"", ""KYOw02767"", ""KYOw02768"", ""KYOw02769"", ""KYOw02770"", ""KYOw02771"", ""KYOw02772"", ""KYOw02773"", ""KYOw02774"", ""KYOw02775"", ""KYOw02776"", ""KYOw02777"", ""KYOw02780"", ""KYOw02783"", ""KYOw02784"", ""KYOw02787"", ""KYOw02788"", ""KYOw02789"", ""KYOw02790"", ""KYOw16662"", ""KYOw16666"", ""KYOw16700"", ""KYOw16702"", ""KYOw16711"", ""KYOw16714"", ""KYOw16716"", ""KYOw16719"", ""KYOw16737"", ""KYOw16744"", ""KYOw16750""]",[],7.387755102040816,7.428571428571429,7.510204081632653,,,
5,Cluster Occupancy,,used_clusters,Cluster Occupancy: used clusters,A1,condition,8,49,49,7.612244897959184,0.5583828285504083,0.020408163265305923,,,,"[""KYOw02702"", ""KYOw02707"", ""KYOw02708"", ""KYOw02709"", ""KYOw02715"", ""KYOw02716"", ""KYOw02717"", ""KYOw02719"", ""KYOw02720"", ""KYOw02751"", ""KYOw02752"", ""KYOw02754"", ""KYOw02756"", ""KYOw02758"", ""KYOw02759"", ""KYOw02760"", ""KYOw02762"", ""KYOw02763"", ""KYOw02764"", ""KYOw02766"", ""KYOw02767"", ""KYOw02768"", ""KYOw02769"", ""KYOw02770"", ""KYOw02771"", ""KYOw02772"", ""KYOw02773"", ""KYOw02774"", ""KYOw02775"", ""KYOw02776"", ""KYOw02777"", ""KYOw02780"", ""KYOw02783"", ""KYOw02784"", ""KYOw02787"", ""KYOw02788"", ""KYOw02789"", ""KYOw02790"", ""KYOw16662"", ""KYOw16666"", ""KYOw16700"", ""KYOw16702"", ""KYOw16711"", ""KYOw16714"", ""KYOw16716"", ""KYOw16719"", ""KYOw16737"", ""KYOw16744"", ""KYOw16750""]",[],7.612244897959184,7.591836734693878,7.63265306122449,,,
5,Cluster Occupancy,,used_clusters,Cluster Occupancy: used clusters,B0,condition,8,49,49,7.598639455782313,0.6631141173112479,0.011782658554890206,,,,"[""KYOw02702"", ""KYOw02707"", ""KYOw02708"", ""KYOw02709"", ""KYOw02715"", ""KYOw02716"", ""KYOw02717"", ""KYOw02719"", ""KYOw02720"", ""KYOw02751"", ""KYOw02752"", ""KYOw02754"", ""KYOw02756"", ""KYOw02758"", ""KYOw02759"", ""KYOw02760"", ""KYOw02762"", ""KYOw02763"", ""KYOw02764"", ""KYOw02766"", ""KYOw02767"", ""KYOw02768"", ""KYOw02769"", ""KYOw02770"", ""KYOw02771"", ""KYOw02772"", ""KYOw02773"", ""KYOw02774"", ""KYOw02775"", ""KYOw02776"", ""KYOw02777"", ""KYOw02780"", ""KYOw02783"", ""KYOw02784"", ""KYOw02787"", ""KYOw02788"", ""KYOw02789"", ""KYOw02790"", ""KYOw16662"", ""KYOw16666"", ""KYOw16700"", ""KYOw16702"", ""KYOw16711"", ""KYOw16714"", ""KYOw16716"", ""KYOw16719"", ""KYOw16737"", ""KYOw16744"", ""KYOw16750""]",[],7.591836734693878,7.591836734693878,7.612244897959184,,,
5,Cluster Occupancy,,used_clusters,Cluster Occupancy: used clusters,B1,condition,8,49,49,7.761904761904763,0.9452610848429754,0.023565317109780926,,,,"[""KYOw02702"", ""KYOw02707"", ""KYOw02708"", ""KYOw02709"", ""KYOw02715"", ""KYOw02716"", ""KYOw02717"", ""KYOw02719"", ""KYOw02720"", ""KYOw02751"", ""KYOw02752"", ""KYOw02754"", ""KYOw02756"", ""KYOw02758"", ""KYOw02759"", ""KYOw02760"", ""KYOw02762"", ""KYOw02763"", ""KYOw02764"", ""KYOw02766"", ""KYOw02767"", ""KYOw02768"", ""KYOw02769"", ""KYOw02770"", ""KYOw02771"", ""KYOw02772"", ""KYOw02773"", ""KYOw02774"", ""KYOw02775"", ""KYOw02776"", ""KYOw02777"", ""KYOw02780"", ""KYOw02783"", ""KYOw02784"", ""KYOw02787"", ""KYOw02788"", ""KYOw02789"", ""KYOw02790"", ""KYOw16662"", ""KYOw16666"", ""KYOw16700"", ""KYOw16702"", ""KYOw16711"", ""KYOw16714"", ""KYOw16716"", ""KYOw16719"", ""KYOw16737"", ""KYOw16744"", ""KYOw16750""]",[],7.775510204081633,7.73469387755102,7.775510204081633,,,
5,Cluster Occupancy,,used_clusters,Cluster Occupancy: used clusters,M00,condition,8,49,49,7.2517006802721085,0.8151647534136035,0.10472655998871189,,,,"[""KYOw02702"", ""KYOw02707"", ""KYOw02708"", ""KYOw02709"", ""KYOw02715"", ""KYOw02716"", ""KYOw02717"", ""KYOw02719"", ""KYOw02720"", ""KYOw02751"", ""KYOw02752"", ""KYOw02754"", ""KYOw02756"", ""KYOw02758"", ""KYOw02759"", ""KYOw02760"", ""KYOw02762"", ""KYOw02763"", ""KYOw02764"", ""KYOw02766"", ""KYOw02767"", ""KYOw02768"", ""KYOw02769"", ""KYOw02770"", ""KYOw02771"", ""KYOw02772"", ""KYOw02773"", ""KYOw02774"", ""KYOw02775"", ""KYOw02776"", ""KYOw02777"", ""KYOw02780"", ""KYOw02783"", ""KYOw02784"", ""KYOw02787"", ""KYOw02788"", ""KYOw02789"", ""KYOw02790"", ""KYOw16662"", ""KYOw16666"", ""KYOw16700"", ""KYOw16702"", ""KYOw16711"", ""KYOw16714"", ""KYOw16716"", ""KYOw16719"", ""KYOw16737"", ""KYOw16744"", ""KYOw16750""]",[],7.224489795918367,7.163265306122449,7.36734693877551,,,
5,Cluster Occupancy,,used_clusters,Cluster Occupancy: used clusters,M01,condition,8,49,49,7.251700680272109,0.8885345098575861,0.0920255051596509,,,,"[""KYOw02702"", ""KYOw02707"", ""KYOw02708"", ""KYOw02709"", ""KYOw02715"", ""KYOw02716"", ""KYOw02717"", ""KYOw02719"", ""KYOw02720"", ""KYOw02751"", ""KYOw02752"", ""KYOw02754"", ""KYOw02756"", ""KYOw02758"", ""KYOw02759"", ""KYOw02760"", ""KYOw02762"", ""KYOw02763"", ""KYOw02764"", ""KYOw02766"", ""KYOw02767"", ""KYOw02768"", ""KYOw02769"", ""KYOw02770"", ""KYOw02771"", ""KYOw02772"", ""KYOw02773"", ""KYOw02774"", ""KYOw02775"", ""KYOw02776"", ""KYOw02777"", ""KYOw02780"", ""KYOw02783"", ""KYOw02784"", ""KYOw02787"", ""KYOw02788"", ""KYOw02789"", ""KYOw02790"", ""KYOw16662"", ""KYOw16666"", ""KYOw16700"", ""KYOw16702"", ""KYOw16711"", ""KYOw16714"", ""KYOw16716"", ""KYOw16719"", ""KYOw16737"", ""KYOw16744"", ""KYOw16750""]",[],7.346938775510204,7.163265306122449,7.244897959183674,,,
5,Cluster Occupancy,,used_clusters,Cluster Occupancy: used clusters,M10,condition,8,49,49,7.258503401360545,0.8930423088419206,0.06234796863885523,,,,"[""KYOw02702"", ""KYOw02707"", ""KYOw02708"", ""KYOw02709"", ""KYOw02715"", ""KYOw02716"", ""KYOw02717"", ""KYOw02719"", ""KYOw02720"", ""KYOw02751"", ""KYOw02752"", ""KYOw02754"", ""KYOw02756"", ""KYOw02758"", ""KYOw02759"", ""KYOw02760"", ""KYOw02762"", ""KYOw02763"", ""KYOw02764"", ""KYOw02766"", ""KYOw02767"", ""KYOw02768"", ""KYOw02769"", ""KYOw02770"", ""KYOw02771"", ""KYOw02772"", ""KYOw02773"", ""KYOw02774"", ""KYOw02775"", ""KYOw02776"", ""KYOw02777"", ""KYOw02780"", ""KYOw02783"", ""KYOw02784"", ""KYOw02787"", ""KYOw02788"", ""KYOw02789"", ""KYOw02790"", ""KYOw16662"", ""KYOw16666"", ""KYOw16700"", ""KYOw16702"", ""KYOw16711"", ""KYOw16714"", ""KYOw16716"", ""KYOw16719"", ""KYOw16737"", ""KYOw16744"", ""KYOw16750""]",[],7.326530612244898,7.204081632653061,7.244897959183674,,,
5,Cluster Occupancy,,used_clusters,Cluster Occupancy: used clusters,M11,condition,8,49,49,7.217687074829932,0.8989474823168031,0.07726405912653408,,,,"[""KYOw02702"", ""KYOw02707"", ""KYOw02708"", ""KYOw02709"", ""KYOw02715"", ""KYOw02716"", ""KYOw02717"", ""KYOw02719"", ""KYOw02720"", ""KYOw02751"", ""KYOw02752"", ""KYOw02754"", ""KYOw02756"", ""KYOw02758"", ""KYOw02759"", ""KYOw02760"", ""KYOw02762"", ""KYOw02763"", ""KYOw02764"", ""KYOw02766"", ""KYOw02767"", ""KYOw02768"", ""KYOw02769"", ""KYOw02770"", ""KYOw02771"", ""KYOw02772"", ""KYOw02773"", ""KYOw02774"", ""KYOw02775"", ""KYOw02776"", ""KYOw02777"", ""KYOw02780"", ""KYOw02783"", ""KYOw02784"", ""KYOw02787"", ""KYOw02788"", ""KYOw02789"", ""KYOw02790"", ""KYOw16662"", ""KYOw16666"", ""KYOw16700"", ""KYOw16702"", ""KYOw16711"", ""KYOw16714"", ""KYOw16716"", ""KYOw16719"", ""KYOw16737"", ""KYOw16744"", ""KYOw16750""]",[],7.3061224489795915,7.163265306122449,7.183673469387755,,,
5,Cluster Occupancy,,max_occupancy,Cluster Occupancy: maximum fraction,A0,condition,8,49,49,0.5141824863621021,0.1673339860666354,0.007540897841640615,,,,"[""KYOw02702"", ""KYOw02707"", ""KYOw02708"", ""KYOw02709"", ""KYOw02715"", ""KYOw02716"", ""KYOw02717"", ""KYOw02719"", ""KYOw02720"", ""KYOw02751"", ""KYOw02752"", ""KYOw02754"", ""KYOw02756"", ""KYOw02758"", ""KYOw02759"", ""KYOw02760"", ""KYOw02762"", ""KYOw02763"", ""KYOw02764"", ""KYOw02766"", ""KYOw02767"", ""KYOw02768"", ""KYOw02769"", ""KYOw02770"", ""KYOw02771"", ""KYOw02772"", ""KYOw02773"", ""KYOw02774"", ""KYOw02775"", ""KYOw02776"", ""KYOw02777"", ""KYOw02780"", ""KYOw02783"", ""KYOw02784"", ""KYOw02787"", ""KYOw02788"", ""KYOw02789"", ""KYOw02790"", ""KYOw16662"", ""KYOw16666"", ""KYOw16700"", ""KYOw16702"", ""KYOw16711"", ""KYOw16714"", ""KYOw16716"", ""KYOw16719"", ""KYOw16737"", ""KYOw16744"", ""KYOw16750""]",[],0.5131237918198228,0.5072268810844495,0.5221967861820339,,,
5,Cluster Occupancy,,max_occupancy,Cluster Occupancy: maximum fraction,A1,condition,8,49,49,0.4869909358616625,0.12841459289391022,0.05015651657298955,,,,"[""KYOw02702"", ""KYOw02707"", ""KYOw02708"", ""KYOw02709"", ""KYOw02715"", ""KYOw02716"", ""KYOw02717"", ""KYOw02719"", ""KYOw02720"", ""KYOw02751"", ""KYOw02752"", ""KYOw02754"", ""KYOw02756"", ""KYOw02758"", ""KYOw02759"", ""KYOw02760"", ""KYOw02762"", ""KYOw02763"", ""KYOw02764"", ""KYOw02766"", ""KYOw02767"", ""KYOw02768"", ""KYOw02769"", ""KYOw02770"", ""KYOw02771"", ""KYOw02772"", ""KYOw02773"", ""KYOw02774"", ""KYOw02775"", ""KYOw02776"", ""KYOw02777"", ""KYOw02780"", ""KYOw02783"", ""KYOw02784"", ""KYOw02787"", ""KYOw02788"", ""KYOw02789"", ""KYOw02790"", ""KYOw16662"", ""KYOw16666"", ""KYOw16700"", ""KYOw16702"", ""KYOw16711"", ""KYOw16714"", ""KYOw16716"", ""KYOw16719"", ""KYOw16737"", ""KYOw16744"", ""KYOw16750""]",[],0.4295399573521017,0.5093748988051308,0.522057951427755,,,
5,Cluster Occupancy,,max_occupancy,Cluster Occupancy: maximum fraction,B0,condition,8,49,49,0.49386132275689665,0.11795097441097402,0.0066610539679176186,,,,"[""KYOw02702"", ""KYOw02707"", ""KYOw02708"", ""KYOw02709"", ""KYOw02715"", ""KYOw02716"", ""KYOw02717"", ""KYOw02719"", ""KYOw02720"", ""KYOw02751"", ""KYOw02752"", ""KYOw02754"", ""KYOw02756"", ""KYOw02758"", ""KYOw02759"", ""KYOw02760"", ""KYOw02762"", ""KYOw02763"", ""KYOw02764"", ""KYOw02766"", ""KYOw02767"", ""KYOw02768"", ""KYOw02769"", ""KYOw02770"", ""KYOw02771"", ""KYOw02772"", ""KYOw02773"", ""KYOw02774"", ""KYOw02775"", ""KYOw02776"", ""KYOw02777"", ""KYOw02780"", ""KYOw02783"", ""KYOw02784"", ""KYOw02787"", ""KYOw02788"", ""KYOw02789"", ""KYOw02790"", ""KYOw16662"", ""KYOw16666"", ""KYOw16700"", ""KYOw16702"", ""KYOw16711"", ""KYOw16714"", ""KYOw16716"", ""KYOw16719"", ""KYOw16737"", ""KYOw16744"", ""KYOw16750""]",[],0.4944930823150644,0.5001839894948606,0.48690689646076485,,,
5,Cluster Occupancy,,max_occupancy,Cluster Occupancy: maximum fraction,B1,condition,8,49,49,0.4832076533807961,0.17317940587947112,0.004604851623989435,,,,"[""KYOw02702"", ""KYOw02707"", ""KYOw02708"", ""KYOw02709"", ""KYOw02715"", ""KYOw02716"", ""KYOw02717"", ""KYOw02719"", ""KYOw02720"", ""KYOw02751"", ""KYOw02752"", ""KYOw02754"", ""KYOw02756"", ""KYOw02758"", ""KYOw02759"", ""KYOw02760"", ""KYOw02762"", ""KYOw02763"", ""KYOw02764"", ""KYOw02766"", ""KYOw02767"", ""KYOw02768"", ""KYOw02769"", ""KYOw02770"", ""KYOw02771"", ""KYOw02772"", ""KYOw02773"", ""KYOw02774"", ""KYOw02775"", ""KYOw02776"", ""KYOw02777"", ""KYOw02780"", ""KYOw02783"", ""KYOw02784"", ""KYOw02787"", ""KYOw02788"", ""KYOw02789"", ""KYOw02790"", ""KYOw16662"", ""KYOw16666"", ""KYOw16700"", ""KYOw16702"", ""KYOw16711"", ""KYOw16714"", ""KYOw16716"", ""KYOw16719"", ""KYOw16737"", ""KYOw16744"", ""KYOw16750""]",[],0.4833223369301361,0.47854653117678414,0.4877540920354679,,,
5,Cluster Occupancy,,max_occupancy,Cluster Occupancy: maximum fraction,M00,condition,8,49,49,0.5571140213145596,0.14813921560303503,0.008104555642870064,,,,"[""KYOw02702"", ""KYOw02707"", ""KYOw02708"", ""KYOw02709"", ""KYOw02715"", ""KYOw02716"", ""KYOw02717"", ""KYOw02719"", ""KYOw02720"", ""KYOw02751"", ""KYOw02752"", ""KYOw02754"", ""KYOw02756"", ""KYOw02758"", ""KYOw02759"", ""KYOw02760"", ""KYOw02762"", ""KYOw02763"", ""KYOw02764"", ""KYOw02766"", ""KYOw02767"", ""KYOw02768"", ""KYOw02769"", ""KYOw02770"", ""KYOw02771"", ""KYOw02772"", ""KYOw02773"", ""KYOw02774"", ""KYOw02775"", ""KYOw02776"", ""KYOw02777"", ""KYOw02780"", ""KYOw02783"", ""KYOw02784"", ""KYOw02787"", ""KYOw02788"", ""KYOw02789"", ""KYOw02790"", ""KYOw16662"", ""KYOw16666"", ""KYOw16700"", ""KYOw16702"", ""KYOw16711"", ""KYOw16714"", ""KYOw16716"", ""KYOw16719"", ""KYOw16737"", ""KYOw16744"", ""KYOw16750""]",[],0.5483911148995706,0.5644109472139531,0.558540001830155,,,
5,Cluster Occupancy,,max_occupancy,Cluster Occupancy: maximum fraction,M01,condition,8,49,49,0.5631636217352716,0.1652593916385129,0.006213281377392228,,,,"[""KYOw02702"", ""KYOw02707"", ""KYOw02708"", ""KYOw02709"", ""KYOw02715"", ""KYOw02716"", ""KYOw02717"", ""KYOw02719"", ""KYOw02720"", ""KYOw02751"", ""KYOw02752"", ""KYOw02754"", ""KYOw02756"", ""KYOw02758"", ""KYOw02759"", ""KYOw02760"", ""KYOw02762"", ""KYOw02763"", ""KYOw02764"", ""KYOw02766"", ""KYOw02767"", ""KYOw02768"", ""KYOw02769"", ""KYOw02770"", ""KYOw02771"", ""KYOw02772"", ""KYOw02773"", ""KYOw02774"", ""KYOw02775"", ""KYOw02776"", ""KYOw02777"", ""KYOw02780"", ""KYOw02783"", ""KYOw02784"", ""KYOw02787"", ""KYOw02788"", ""KYOw02789"", ""KYOw02790"", ""KYOw16662"", ""KYOw16666"", ""KYOw16700"", ""KYOw16702"", ""KYOw16711"", ""KYOw16714"", ""KYOw16716"", ""KYOw16719"", ""KYOw16737"", ""KYOw16744"", ""KYOw16750""]",[],0.5664042740209391,0.5670866244702149,0.5559999667146607,,,
5,Cluster Occupancy,,max_occupancy,Cluster Occupancy: maximum fraction,M10,condition,8,49,49,0.5520366764531733,0.16408158034708487,0.021878922565399455,,,,"[""KYOw02702"", ""KYOw02707"", ""KYOw02708"", ""KYOw02709"", ""KYOw02715"", ""KYOw02716"", ""KYOw02717"", ""KYOw02719"", ""KYOw02720"", ""KYOw02751"", ""KYOw02752"", ""KYOw02754"", ""KYOw02756"", ""KYOw02758"", ""KYOw02759"", ""KYOw02760"", ""KYOw02762"", ""KYOw02763"", ""KYOw02764"", ""KYOw02766"", ""KYOw02767"", ""KYOw02768"", ""KYOw02769"", ""KYOw02770"", ""KYOw02771"", ""KYOw02772"", ""KYOw02773"", ""KYOw02774"", ""KYOw02775"", ""KYOw02776"", ""KYOw02777"", ""KYOw02780"", ""KYOw02783"", ""KYOw02784"", ""KYOw02787"", ""KYOw02788"", ""KYOw02789"", ""KYOw02790"", ""KYOw16662"", ""KYOw16666"", ""KYOw16700"", ""KYOw16702"", ""KYOw16711"", ""KYOw16714"", ""KYOw16716"", ""KYOw16719"", ""KYOw16737"", ""KYOw16744"", ""KYOw16750""]",[],0.5270238657992807,0.5676182614524528,0.5614679021077867,,,
5,Cluster Occupancy,,max_occupancy,Cluster Occupancy: maximum fraction,M11,condition,8,49,49,0.5618443522198018,0.17140908149785244,0.0027931758414132314,,,,"[""KYOw02702"", ""KYOw02707"", ""KYOw02708"", ""KYOw02709"", ""KYOw02715"", ""KYOw02716"", ""KYOw02717"", ""KYOw02719"", ""KYOw02720"", ""KYOw02751"", ""KYOw02752"", ""KYOw02754"", ""KYOw02756"", ""KYOw02758"", ""KYOw02759"", ""KYOw02760"", ""KYOw02762"", ""KYOw02763"", ""KYOw02764"", ""KYOw02766"", ""KYOw02767"", ""KYOw02768"", ""KYOw02769"", ""KYOw02770"", ""KYOw02771"", ""KYOw02772"", ""KYOw02773"", ""KYOw02774"", ""KYOw02775"", ""KYOw02776"", ""KYOw02777"", ""KYOw02780"", ""KYOw02783"", ""KYOw02784"", ""KYOw02787"", ""KYOw02788"", ""KYOw02789"", ""KYOw02790"", ""KYOw16662"", ""KYOw16666"", ""KYOw16700"", ""KYOw16702"", ""KYOw16711"", ""KYOw16714"", ""KYOw16716"", ""KYOw16719"", ""KYOw16737"", ""KYOw16744"", ""KYOw16750""]",[],0.5648588732479884,0.5613302324354238,0.559343950975993,,,
5,Cluster Occupancy,,single_cluster,Cluster Occupancy: single-cluster fraction,A0,condition,8,49,49,0.0,0.0,0.0,,,,"[""KYOw02702"", ""KYOw02707"", ""KYOw02708"", ""KYOw02709"", ""KYOw02715"", ""KYOw02716"", ""KYOw02717"", ""KYOw02719"", ""KYOw02720"", ""KYOw02751"", ""KYOw02752"", ""KYOw02754"", ""KYOw02756"", ""KYOw02758"", ""KYOw02759"", ""KYOw02760"", ""KYOw02762"", ""KYOw02763"", ""KYOw02764"", ""KYOw02766"", ""KYOw02767"", ""KYOw02768"", ""KYOw02769"", ""KYOw02770"", ""KYOw02771"", ""KYOw02772"", ""KYOw02773"", ""KYOw02774"", ""KYOw02775"", ""KYOw02776"", ""KYOw02777"", ""KYOw02780"", ""KYOw02783"", ""KYOw02784"", ""KYOw02787"", ""KYOw02788"", ""KYOw02789"", ""KYOw02790"", ""KYOw16662"", ""KYOw16666"", ""KYOw16700"", ""KYOw16702"", ""KYOw16711"", ""KYOw16714"", ""KYOw16716"", ""KYOw16719"", ""KYOw16737"", ""KYOw16744"", ""KYOw16750""]",[],0.0,0.0,0.0,0.0,0.0,0.0
5,Cluster Occupancy,,single_cluster,Cluster Occupancy: single-cluster fraction,A1,condition,8,49,49,0.0,0.0,0.0,,,,"[""KYOw02702"", ""KYOw02707"", ""KYOw02708"", ""KYOw02709"", ""KYOw02715"", ""KYOw02716"", ""KYOw02717"", ""KYOw02719"", ""KYOw02720"", ""KYOw02751"", ""KYOw02752"", ""KYOw02754"", ""KYOw02756"", ""KYOw02758"", ""KYOw02759"", ""KYOw02760"", ""KYOw02762"", ""KYOw02763"", ""KYOw02764"", ""KYOw02766"", ""KYOw02767"", ""KYOw02768"", ""KYOw02769"", ""KYOw02770"", ""KYOw02771"", ""KYOw02772"", ""KYOw02773"", ""KYOw02774"", ""KYOw02775"", ""KYOw02776"", ""KYOw02777"", ""KYOw02780"", ""KYOw02783"", ""KYOw02784"", ""KYOw02787"", ""KYOw02788"", ""KYOw02789"", ""KYOw02790"", ""KYOw16662"", ""KYOw16666"", ""KYOw16700"", ""KYOw16702"", ""KYOw16711"", ""KYOw16714"", ""KYOw16716"", ""KYOw16719"", ""KYOw16737"", ""KYOw16744"", ""KYOw16750""]",[],0.0,0.0,0.0,0.0,0.0,0.0
5,Cluster Occupancy,,single_cluster,Cluster Occupancy: single-cluster fraction,B0,condition,8,49,49,0.0,0.0,0.0,,,,"[""KYOw02702"", ""KYOw02707"", ""KYOw02708"", ""KYOw02709"", ""KYOw02715"", ""KYOw02716"", ""KYOw02717"", ""KYOw02719"", ""KYOw02720"", ""KYOw02751"", ""KYOw02752"", ""KYOw02754"", ""KYOw02756"", ""KYOw02758"", ""KYOw02759"", ""KYOw02760"", ""KYOw02762"", ""KYOw02763"", ""KYOw02764"", ""KYOw02766"", ""KYOw02767"", ""KYOw02768"", ""KYOw02769"", ""KYOw02770"", ""KYOw02771"", ""KYOw02772"", ""KYOw02773"", ""KYOw02774"", ""KYOw02775"", ""KYOw02776"", ""KYOw02777"", ""KYOw02780"", ""KYOw02783"", ""KYOw02784"", ""KYOw02787"", ""KYOw02788"", ""KYOw02789"", ""KYOw02790"", ""KYOw16662"", ""KYOw16666"", ""KYOw16700"", ""KYOw16702"", ""KYOw16711"", ""KYOw16714"", ""KYOw16716"", ""KYOw16719"", ""KYOw16737"", ""KYOw16744"", ""KYOw16750""]",[],0.0,0.0,0.0,0.0,0.0,0.0
5,Cluster Occupancy,,single_cluster,Cluster Occupancy: single-cluster fraction,B1,condition,8,49,49,0.0,0.0,0.0,,,,"[""KYOw02702"", ""KYOw02707"", ""KYOw02708"", ""KYOw02709"", ""KYOw02715"", ""KYOw02716"", ""KYOw02717"", ""KYOw02719"", ""KYOw02720"", ""KYOw02751"", ""KYOw02752"", ""KYOw02754"", ""KYOw02756"", ""KYOw02758"", ""KYOw02759"", ""KYOw02760"", ""KYOw02762"", ""KYOw02763"", ""KYOw02764"", ""KYOw02766"", ""KYOw02767"", ""KYOw02768"", ""KYOw02769"", ""KYOw02770"", ""KYOw02771"", ""KYOw02772"", ""KYOw02773"", ""KYOw02774"", ""KYOw02775"", ""KYOw02776"", ""KYOw02777"", ""KYOw02780"", ""KYOw02783"", ""KYOw02784"", ""KYOw02787"", ""KYOw02788"", ""KYOw02789"", ""KYOw02790"", ""KYOw16662"", ""KYOw16666"", ""KYOw16700"", ""KYOw16702"", ""KYOw16711"", ""KYOw16714"", ""KYOw16716"", ""KYOw16719"", ""KYOw16737"", ""KYOw16744"", ""KYOw16750""]",[],0.0,0.0,0.0,0.0,0.0,0.0
5,Cluster Occupancy,,single_cluster,Cluster Occupancy: single-cluster fraction,M00,condition,8,49,49,0.0,0.0,0.0,,,,"[""KYOw02702"", ""KYOw02707"", ""KYOw02708"", ""KYOw02709"", ""KYOw02715"", ""KYOw02716"", ""KYOw02717"", ""KYOw02719"", ""KYOw02720"", ""KYOw02751"", ""KYOw02752"", ""KYOw02754"", ""KYOw02756"", ""KYOw02758"", ""KYOw02759"", ""KYOw02760"", ""KYOw02762"", ""KYOw02763"", ""KYOw02764"", ""KYOw02766"", ""KYOw02767"", ""KYOw02768"", ""KYOw02769"", ""KYOw02770"", ""KYOw02771"", ""KYOw02772"", ""KYOw02773"", ""KYOw02774"", ""KYOw02775"", ""KYOw02776"", ""KYOw02777"", ""KYOw02780"", ""KYOw02783"", ""KYOw02784"", ""KYOw02787"", ""KYOw02788"", ""KYOw02789"", ""KYOw02790"", ""KYOw16662"", ""KYOw16666"", ""KYOw16700"", ""KYOw16702"", ""KYOw16711"", ""KYOw16714"", ""KYOw16716"", ""KYOw16719"", ""KYOw16737"", ""KYOw16744"", ""KYOw16750""]",[],0.0,0.0,0.0,0.0,0.0,0.0
5,Cluster Occupancy,,single_cluster,Cluster Occupancy: single-cluster fraction,M01,condition,8,49,49,0.0,0.0,0.0,,,,"[""KYOw02702"", ""KYOw02707"", ""KYOw02708"", ""KYOw02709"", ""KYOw02715"", ""KYOw02716"", ""KYOw02717"", ""KYOw02719"", ""KYOw02720"", ""KYOw02751"", ""KYOw02752"", ""KYOw02754"", ""KYOw02756"", ""KYOw02758"", ""KYOw02759"", ""KYOw02760"", ""KYOw02762"", ""KYOw02763"", ""KYOw02764"", ""KYOw02766"", ""KYOw02767"", ""KYOw02768"", ""KYOw02769"", ""KYOw02770"", ""KYOw02771"", ""KYOw02772"", ""KYOw02773"", ""KYOw02774"", ""KYOw02775"", ""KYOw02776"", ""KYOw02777"", ""KYOw02780"", ""KYOw02783"", ""KYOw02784"", ""KYOw02787"", ""KYOw02788"", ""KYOw02789"", ""KYOw02790"", ""KYOw16662"", ""KYOw16666"", ""KYOw16700"", ""KYOw16702"", ""KYOw16711"", ""KYOw16714"", ""KYOw16716"", ""KYOw16719"", ""KYOw16737"", ""KYOw16744"", ""KYOw16750""]",[],0.0,0.0,0.0,0.0,0.0,0.0
5,Cluster Occupancy,,single_cluster,Cluster Occupancy: single-cluster fraction,M10,condition,8,49,49,0.0,0.0,0.0,,,,"[""KYOw02702"", ""KYOw02707"", ""KYOw02708"", ""KYOw02709"", ""KYOw02715"", ""KYOw02716"", ""KYOw02717"", ""KYOw02719"", ""KYOw02720"", ""KYOw02751"", ""KYOw02752"", ""KYOw02754"", ""KYOw02756"", ""KYOw02758"", ""KYOw02759"", ""KYOw02760"", ""KYOw02762"", ""KYOw02763"", ""KYOw02764"", ""KYOw02766"", ""KYOw02767"", ""KYOw02768"", ""KYOw02769"", ""KYOw02770"", ""KYOw02771"", ""KYOw02772"", ""KYOw02773"", ""KYOw02774"", ""KYOw02775"", ""KYOw02776"", ""KYOw02777"", ""KYOw02780"", ""KYOw02783"", ""KYOw02784"", ""KYOw02787"", ""KYOw02788"", ""KYOw02789"", ""KYOw02790"", ""KYOw16662"", ""KYOw16666"", ""KYOw16700"", ""KYOw16702"", ""KYOw16711"", ""KYOw16714"", ""KYOw16716"", ""KYOw16719"", ""KYOw16737"", ""KYOw16744"", ""KYOw16750""]",[],0.0,0.0,0.0,0.0,0.0,0.0
5,Cluster Occupancy,,single_cluster,Cluster Occupancy: single-cluster fraction,M11,condition,8,49,49,0.0,0.0,0.0,,,,"[""KYOw02702"", ""KYOw02707"", ""KYOw02708"", ""KYOw02709"", ""KYOw02715"", ""KYOw02716"", ""KYOw02717"", ""KYOw02719"", ""KYOw02720"", ""KYOw02751"", ""KYOw02752"", ""KYOw02754"", ""KYOw02756"", ""KYOw02758"", ""KYOw02759"", ""KYOw02760"", ""KYOw02762"", ""KYOw02763"", ""KYOw02764"", ""KYOw02766"", ""KYOw02767"", ""KYOw02768"", ""KYOw02769"", ""KYOw02770"", ""KYOw02771"", ""KYOw02772"", ""KYOw02773"", ""KYOw02774"", ""KYOw02775"", ""KYOw02776"", ""KYOw02777"", ""KYOw02780"", ""KYOw02783"", ""KYOw02784"", ""KYOw02787"", ""KYOw02788"", ""KYOw02789"", ""KYOw02790"", ""KYOw16662"", ""KYOw16666"", ""KYOw16700"", ""KYOw16702"", ""KYOw16711"", ""KYOw16714"", ""KYOw16716"", ""KYOw16719"", ""KYOw16737"", ""KYOw16744"", ""KYOw16750""]",[],0.0,0.0,0.0,0.0,0.0,0.0
