sample_id,lower_threshold,upper_threshold,background_class_pixels,dark_wood_class_pixels,bright_wood_class_pixels,height,width,total_pixels,otsu_threshold,otsu_pixels,after_erosion_pixels,final_mask_pixels,erosion_removed_pixels,small_object_removed_pixels,final_mask_fraction,initial_component_count,final_component_count
KYOw02702,2468818.427734375,4123952.376953125,148646,34158,30316,666,320,213120,2468818.427734375,64474,62814,62814,1660,0,0.29473536036036035,2,2
KYOw02707,1699940.560546875,3137832.087890625,96636,1521,114963,666,320,213120,1699940.560546875,116484,115078,115078,1406,0,0.5399680930930931,1,1
KYOw02708,2450558.328125,4081675.390625,107447,43677,61996,666,320,213120,2450558.328125,105673,104647,104647,1026,0,0.49102383633633634,1,1
KYOw02709,2403356.810546875,4056628.822265625,172076,8956,32088,666,320,213120,2403356.810546875,41044,40105,40105,939,0,0.18818036786786788,1,1
KYOw02715,1920681.681640625,3701682.935546875,146957,1210,64953,666,320,213120,1920681.681640625,66163,65124,65124,1039,0,0.3055743243243243,1,1
KYOw02716,1757100.0078125,3342020.5546875,149096,1713,62311,666,320,213120,1757100.0078125,64024,62799,62799,1225,0,0.2946649774774775,1,2
KYOw02717,1873632.015625,3579478.890625,129497,1912,81711,666,320,213120,1873632.015625,83623,82044,82044,1579,0,0.38496621621621624,2,2
KYOw02719,2536114.849609375,4244129.947265625,135124,32608,45388,666,320,213120,2536114.849609375,77996,76827,76827,1169,0,0.3604870495495496,1,1
KYOw02720,2527446.404296875,4213131.623046875,80352,64240,68528,666,320,213120,2527446.404296875,132768,131174,131174,1594,0,0.6154936186186186,1,1
KYOw02751,2640519.388671875,4502869.662109375,140594,24445,48081,666,320,213120,2640519.388671875,72526,71469,71469,1057,0,0.3353462837837838,1,1
KYOw02752,2413674.111328125,4057796.900390625,94419,35923,82778,666,320,213120,2413674.111328125,118701,117200,117200,1501,0,0.549924924924925,1,1
KYOw02754,2594504.25,4387098.75,164937,16043,32140,666,320,213120,2594504.25,48183,47242,47242,941,0,0.22166854354354354,1,1
KYOw02756,2425595.77734375,4140232.19140625,110473,25634,77013,666,320,213120,2425595.77734375,102647,101107,101107,1540,0,0.474413475975976,1,1
KYOw02758,2202044.876953125,3857786.146484375,139451,17114,56555,666,320,213120,2202044.876953125,73669,72279,72279,1390,0,0.33914695945945944,1,1
KYOw02759,2083002.58203125,3682975.37890625,137441,17451,58228,666,320,213120,2083002.58203125,75679,74526,74526,1153,0,0.3496903153153153,1,1
KYOw02760,1985439.046875,3440866.453125,162038,16973,34109,666,320,213120,1985439.046875,51082,50131,50131,951,0,0.23522428678678678,1,1
KYOw02762,1946376.103515625,3459083.482421875,144198,24523,44399,666,320,213120,1946376.103515625,68922,67890,67890,1032,0,0.31855292792792794,1,1
KYOw02763,2109277.564453125,3656325.181640625,109385,25336,78399,666,320,213120,2109277.564453125,103735,102483,102483,1252,0,0.4808699324324324,1,1
KYOw02764,1735076.955078125,3051392.134765625,105711,47771,59638,666,320,213120,1735076.955078125,107409,105831,105831,1578,0,0.4965793918918919,1,1
KYOw02766,2109227.13671875,3773876.80859375,165306,19385,28429,666,320,213120,2109227.13671875,47814,46215,46215,1599,0,0.21684966216216217,1,1
KYOw02767,2406214.255859375,4273011.310546875,59382,43801,109937,666,320,213120,2406214.255859375,153738,152143,152143,1595,0,0.7138841966966967,1,1
KYOw02768,1779598.345703125,3070892.814453125,145773,25246,42101,666,320,213120,1779598.345703125,67347,65943,65943,1404,0,0.30941722972972974,2,3
KYOw02769,2204494.615234375,3833910.568359375,49533,41054,122533,666,320,213120,2204494.615234375,163587,161735,161735,1852,0,0.7588917042042042,1,1
KYOw02770,1977448.591796875,3519815.998046875,178821,8405,25894,666,320,213120,1977448.591796875,34299,33403,33403,896,0,0.15673329579579579,1,1
KYOw02771,2398345.669921875,4082730.435546875,97750,35411,79959,666,320,213120,2398345.669921875,115370,114096,114096,1274,0,0.5353603603603604,1,1
KYOw02772,1994391.990234375,3540771.888671875,138438,24535,50147,666,320,213120,1994391.990234375,74682,73259,73259,1423,0,0.3437453078078078,1,1
KYOw02773,2046674.38671875,3475554.13671875,159572,11917,41631,666,320,213120,2046674.38671875,53548,52620,52620,928,0,0.24690315315315314,1,1
KYOw02774,2038839.955078125,3681841.212890625,173368,14909,24843,666,320,213120,2038839.955078125,39752,38942,38942,810,0,0.18272334834834836,1,1
KYOw02775,2096761.3515625,3731750.5390625,160361,11762,40997,666,320,213120,2096761.3515625,52759,51705,51705,1054,0,0.24260979729729729,2,1
KYOw02776,2592973.65625,4400369.03125,120423,43814,48883,666,320,213120,2592973.65625,92697,91475,91475,1222,0,0.4292182807807808,1,1
KYOw02777,2643980.54296875,4510823.60546875,89854,68368,54898,666,320,213120,2643980.54296875,123266,121687,121687,1579,0,0.5709787912912913,1,1
KYOw02780,2239172.826171875,3800422.306640625,155589,23469,34062,666,320,213120,2239172.826171875,57531,56542,56542,989,0,0.2653059309309309,1,1
KYOw02783,2344869.029296875,4045398.634765625,127685,32859,52576,666,320,213120,2344869.029296875,85435,84218,84218,1217,0,0.39516704204204206,1,1
KYOw02784,2286279.931640625,3936518.814453125,94301,19995,98824,666,320,213120,2286279.931640625,118819,117564,117564,1255,0,0.5516328828828829,1,1
KYOw02787,2434767.73828125,4015163.16796875,105062,41407,66651,666,320,213120,2434767.73828125,108058,106684,106684,1374,0,0.5005818318318318,1,1
KYOw02788,2521077.96484375,4273085.77734375,98435,36389,78296,666,320,213120,2521077.96484375,114685,112294,112294,2391,0,0.52690503003003,1,2
KYOw02789,2483812.419921875,4193537.072265625,85733,77089,50298,666,320,213120,2483812.419921875,127387,125946,125946,1441,0,0.5909628378378379,1,1
KYOw02790,2431089.697265625,4157911.748046875,185956,14948,12216,666,320,213120,2431089.697265625,27164,26249,26249,915,0,0.12316535285285285,2,2
KYOw16662,2370013.13671875,4050952.02734375,163300,17887,31933,666,320,213120,2370013.13671875,49820,48925,48925,895,0,0.229565503003003,1,1
KYOw16666,1752458.28125,3208499.84375,153744,1087,58289,666,320,213120,1752458.28125,59376,58338,58338,1038,0,0.2737331081081081,1,1
KYOw16700,2126071.076171875,3615270.775390625,157118,12668,43334,666,320,213120,2126071.076171875,56002,55042,55042,960,0,0.2582676426426426,1,1
KYOw16702,2175217.072265625,3809723.470703125,177807,12149,23164,666,320,213120,2175217.072265625,35313,33939,33939,1374,0,0.1592483108108108,3,3
KYOw16711,2194501.275390625,3746494.498046875,129773,21667,61680,666,320,213120,2194501.275390625,83347,82013,82013,1334,0,0.38482075825825823,1,1
KYOw16714,2291585.80859375,3887873.76171875,166182,10675,36263,666,320,213120,2291585.80859375,46938,46132,46132,806,0,0.2164602102102102,1,1
KYOw16716,2211262.966796875,3830876.443359375,131895,13741,67484,666,320,213120,2211262.966796875,81225,80058,80058,1167,0,0.37564752252252254,1,1
KYOw16719,2637803.544921875,4469701.615234375,130410,41284,41426,666,320,213120,2637803.544921875,82710,81498,81498,1212,0,0.3824042792792793,1,1
KYOw16737,2349445.3046875,4065102.2109375,146061,29568,37491,666,320,213120,2349445.3046875,67059,65693,65693,1366,0,0.30824418168168166,2,2
KYOw16744,2216095.685546875,3758389.884765625,102244,10517,100359,666,320,213120,2216095.685546875,110876,108871,108871,2005,0,0.5108436561561561,1,1
KYOw16750,2242883.1328125,3747818.7265625,153073,16490,43557,666,320,213120,2242883.1328125,60047,58747,58747,1300,0,0.27565221471471474,2,2
