condition,sample_id,repeat_a,repeat_b,ari,undefined_reason,used_clusters_a,used_clusters_b,degeneracy_flags
B0,KYOw02702,1,2,0.6553283929824829,,7,7,[]
B0,KYOw02702,1,3,0.7891188859939575,,7,7,[]
B0,KYOw02702,2,3,0.8416783213615417,,7,7,[]
B0,KYOw02707,1,2,0.6020433306694031,,8,8,[]
B0,KYOw02707,1,3,0.7431473135948181,,8,8,[]
B0,KYOw02707,2,3,0.8262134790420532,,8,8,[]
B0,KYOw02708,1,2,0.6694260835647583,,8,8,[]
B0,KYOw02708,1,3,0.7936702966690063,,8,8,[]
B0,KYOw02708,2,3,0.8535925149917603,,8,8,[]
B0,KYOw02709,1,2,0.6789138317108154,,8,8,[]
B0,KYOw02709,1,3,0.8057460784912109,,8,8,[]
B0,KYOw02709,2,3,0.8496726155281067,,8,8,[]
B0,KYOw02715,1,2,0.6223794221878052,,7,7,[]
B0,KYOw02715,1,3,0.7793726921081543,,7,7,[]
B0,KYOw02715,2,3,0.8129708170890808,,7,7,[]
B0,KYOw02716,1,2,0.6985383629798889,,8,8,[]
B0,KYOw02716,1,3,0.8148480653762817,,8,8,[]
B0,KYOw02716,2,3,0.8674027323722839,,8,8,[]
B0,KYOw02717,1,2,0.5944633483886719,,8,8,[]
B0,KYOw02717,1,3,0.7579843997955322,,8,8,[]
B0,KYOw02717,2,3,0.7980257868766785,,8,8,[]
B0,KYOw02719,1,2,0.5460253953933716,,8,8,[]
B0,KYOw02719,1,3,0.7334017157554626,,8,8,[]
B0,KYOw02719,2,3,0.766846239566803,,8,8,[]
B0,KYOw02720,1,2,0.6455039381980896,,8,7,[]
B0,KYOw02720,1,3,0.7773692607879639,,8,7,[]
B0,KYOw02720,2,3,0.8421693444252014,,7,7,[]
B0,KYOw02751,1,2,0.6274571418762207,,7,7,[]
B0,KYOw02751,1,3,0.7966654896736145,,7,7,[]
B0,KYOw02751,2,3,0.7997735142707825,,7,7,[]
B0,KYOw02752,1,2,0.728464663028717,,8,8,[]
B0,KYOw02752,1,3,0.843151330947876,,8,8,[]
B0,KYOw02752,2,3,0.8709721565246582,,8,8,[]
B0,KYOw02754,1,2,0.6616290807723999,,7,7,[]
B0,KYOw02754,1,3,0.8091456294059753,,7,7,[]
B0,KYOw02754,2,3,0.828599214553833,,7,7,[]
B0,KYOw02756,1,2,0.7020754814147949,,8,8,[]
B0,KYOw02756,1,3,0.8200417757034302,,8,8,[]
B0,KYOw02756,2,3,0.8632749915122986,,8,8,[]
B0,KYOw02758,1,2,0.7174288630485535,,8,8,[]
B0,KYOw02758,1,3,0.8259038329124451,,8,8,[]
B0,KYOw02758,2,3,0.8724706768989563,,8,8,[]
B0,KYOw02759,1,2,0.731484055519104,,8,8,[]
B0,KYOw02759,1,3,0.8405771851539612,,8,8,[]
B0,KYOw02759,2,3,0.8749260902404785,,8,8,[]
B0,KYOw02760,1,2,0.703518271446228,,8,8,[]
B0,KYOw02760,1,3,0.8182108998298645,,8,8,[]
B0,KYOw02760,2,3,0.8659467101097107,,8,8,[]
B0,KYOw02762,1,2,0.7636397480964661,,8,8,[]
B0,KYOw02762,1,3,0.8702681064605713,,8,8,[]
B0,KYOw02762,2,3,0.8776007294654846,,8,8,[]
B0,KYOw02763,1,2,0.7520120739936829,,8,8,[]
B0,KYOw02763,1,3,0.8574149012565613,,8,8,[]
B0,KYOw02763,2,3,0.8802353739738464,,8,8,[]
B0,KYOw02764,1,2,0.8698392510414124,,8,7,[]
B0,KYOw02764,1,3,0.9231352806091309,,8,7,[]
B0,KYOw02764,2,3,0.9426329135894775,,7,7,[]
B0,KYOw02766,1,2,0.7522072196006775,,8,8,[]
B0,KYOw02766,1,3,0.861846387386322,,8,8,[]
B0,KYOw02766,2,3,0.8722866177558899,,8,8,[]
B0,KYOw02767,1,2,0.829413652420044,,8,8,[]
B0,KYOw02767,1,3,0.8933979272842407,,8,8,[]
B0,KYOw02767,2,3,0.9295379519462585,,8,8,[]
B0,KYOw02768,1,2,0.7252522110939026,,8,8,[]
B0,KYOw02768,1,3,0.8741390705108643,,8,8,[]
B0,KYOw02768,2,3,0.8284280896186829,,8,8,[]
B0,KYOw02769,1,2,0.7179949879646301,,8,8,[]
B0,KYOw02769,1,3,0.8360509276390076,,8,8,[]
B0,KYOw02769,2,3,0.8641981482505798,,8,8,[]
B0,KYOw02770,1,2,0.734008252620697,,8,8,[]
B0,KYOw02770,1,3,0.8441832065582275,,8,8,[]
B0,KYOw02770,2,3,0.8722609877586365,,8,8,[]
B0,KYOw02771,1,2,0.7019977569580078,,8,8,[]
B0,KYOw02771,1,3,0.8236599564552307,,8,8,[]
B0,KYOw02771,2,3,0.8621538877487183,,8,8,[]
B0,KYOw02772,1,2,0.7539262175559998,,8,8,[]
B0,KYOw02772,1,3,0.8539779186248779,,8,8,[]
B0,KYOw02772,2,3,0.8830010890960693,,8,8,[]
B0,KYOw02773,1,2,0.7761326432228088,,7,7,[]
B0,KYOw02773,1,3,0.8670209050178528,,7,7,[]
B0,KYOw02773,2,3,0.9004702568054199,,7,7,[]
B0,KYOw02774,1,2,0.7735251784324646,,8,8,[]
B0,KYOw02774,1,3,0.8622952103614807,,8,8,[]
B0,KYOw02774,2,3,0.8989489078521729,,8,8,[]
B0,KYOw02775,1,2,0.727958619594574,,8,8,[]
B0,KYOw02775,1,3,0.839536726474762,,8,8,[]
B0,KYOw02775,2,3,0.8701726794242859,,8,8,[]
B0,KYOw02776,1,2,0.7182263731956482,,8,8,[]
B0,KYOw02776,1,3,0.8429944515228271,,8,8,[]
B0,KYOw02776,2,3,0.8558341860771179,,8,8,[]
B0,KYOw02777,1,2,0.7262732982635498,,8,8,[]
B0,KYOw02777,1,3,0.8372975587844849,,8,8,[]
B0,KYOw02777,2,3,0.8731580376625061,,8,8,[]
B0,KYOw02780,1,2,0.7154173851013184,,7,7,[]
B0,KYOw02780,1,3,0.8334150314331055,,7,7,[]
B0,KYOw02780,2,3,0.8646721243858337,,7,7,[]
B0,KYOw02783,1,2,0.7291929125785828,,8,8,[]
B0,KYOw02783,1,3,0.8424283862113953,,8,8,[]
B0,KYOw02783,2,3,0.869120180606842,,8,8,[]
B0,KYOw02784,1,2,0.7077071666717529,,7,7,[]
B0,KYOw02784,1,3,0.8245099782943726,,7,7,[]
B0,KYOw02784,2,3,0.8662506937980652,,7,7,[]
B0,KYOw02787,1,2,0.6998493671417236,,8,8,[]
B0,KYOw02787,1,3,0.8156489729881287,,8,8,[]
B0,KYOw02787,2,3,0.8668002486228943,,8,8,[]
B0,KYOw02788,1,2,0.6142917275428772,,8,8,[]
B0,KYOw02788,1,3,0.8189893364906311,,8,8,[]
B0,KYOw02788,2,3,0.7653171420097351,,8,8,[]
B0,KYOw02789,1,2,0.8271920680999756,,6,6,[]
B0,KYOw02789,1,3,0.8663209080696106,,6,6,[]
B0,KYOw02789,2,3,0.9378100037574768,,6,6,[]
B0,KYOw02790,1,2,0.6553053259849548,,7,7,[]
B0,KYOw02790,1,3,0.8179787397384644,,7,7,[]
B0,KYOw02790,2,3,0.809285044670105,,7,7,[]
B0,KYOw16662,1,2,0.7014126777648926,,8,8,[]
B0,KYOw16662,1,3,0.8265048265457153,,8,8,[]
B0,KYOw16662,2,3,0.8549964427947998,,8,8,[]
B0,KYOw16666,1,2,0.6299765706062317,,8,7,[]
B0,KYOw16666,1,3,0.7877053618431091,,8,8,[]
B0,KYOw16666,2,3,0.8132863640785217,,7,8,[]
B0,KYOw16700,1,2,0.6975508332252502,,7,7,[]
B0,KYOw16700,1,3,0.8251065015792847,,7,7,[]
B0,KYOw16700,2,3,0.8536261320114136,,7,7,[]
B0,KYOw16702,1,2,0.7930769324302673,,8,8,[]
B0,KYOw16702,1,3,0.8790422081947327,,8,8,[]
B0,KYOw16702,2,3,0.902238667011261,,8,8,[]
B0,KYOw16711,1,2,0.7581011056900024,,8,7,[]
B0,KYOw16711,1,3,0.8577074408531189,,8,8,[]
B0,KYOw16711,2,3,0.8850905895233154,,7,8,[]
B0,KYOw16714,1,2,0.7205401659011841,,8,7,[]
B0,KYOw16714,1,3,0.8282984495162964,,8,8,[]
B0,KYOw16714,2,3,0.876164436340332,,7,8,[]
B0,KYOw16716,1,2,0.7229850888252258,,8,8,[]
B0,KYOw16716,1,3,0.8392269611358643,,8,8,[]
B0,KYOw16716,2,3,0.8683294057846069,,8,8,[]
B0,KYOw16719,1,2,0.6245843172073364,,8,8,[]
B0,KYOw16719,1,3,0.7722324132919312,,8,8,[]
B0,KYOw16719,2,3,0.8249824643135071,,8,8,[]
B0,KYOw16737,1,2,0.7361201047897339,,7,7,[]
B0,KYOw16737,1,3,0.8393499255180359,,7,7,[]
B0,KYOw16737,2,3,0.8812601566314697,,7,7,[]
B0,KYOw16744,1,2,0.6981876492500305,,8,8,[]
B0,KYOw16744,1,3,0.8145813345909119,,8,8,[]
B0,KYOw16744,2,3,0.8646427989006042,,8,8,[]
B0,KYOw16750,1,2,0.7198010087013245,,8,7,[]
B0,KYOw16750,1,3,0.8366987705230713,,8,8,[]
B0,KYOw16750,2,3,0.8677598834037781,,7,8,[]
B1,KYOw02702,1,2,0.8628351092338562,,8,8,[]
B1,KYOw02702,1,3,0.980672299861908,,8,8,[]
B1,KYOw02702,2,3,0.8459767699241638,,8,8,[]
B1,KYOw02707,1,2,0.9188877940177917,,8,8,[]
B1,KYOw02707,1,3,0.990752637386322,,8,8,[]
B1,KYOw02707,2,3,0.9112119674682617,,8,8,[]
B1,KYOw02708,1,2,0.8466808795928955,,8,8,[]
B1,KYOw02708,1,3,0.9931429028511047,,8,8,[]
B1,KYOw02708,2,3,0.847902774810791,,8,8,[]
B1,KYOw02709,1,2,0.840396523475647,,8,8,[]
B1,KYOw02709,1,3,0.9808081984519958,,8,8,[]
B1,KYOw02709,2,3,0.826213538646698,,8,8,[]
B1,KYOw02715,1,2,0.8629747033119202,,8,8,[]
B1,KYOw02715,1,3,0.9954631924629211,,8,8,[]
B1,KYOw02715,2,3,0.8663981556892395,,8,8,[]
B1,KYOw02716,1,2,0.7699841856956482,,8,8,[]
B1,KYOw02716,1,3,0.9849125146865845,,8,8,[]
B1,KYOw02716,2,3,0.7713319659233093,,8,8,[]
B1,KYOw02717,1,2,0.7194840908050537,,8,8,[]
B1,KYOw02717,1,3,0.9905580878257751,,8,8,[]
B1,KYOw02717,2,3,0.7236669063568115,,8,8,[]
B1,KYOw02719,1,2,0.7851816415786743,,8,8,[]
B1,KYOw02719,1,3,0.993188738822937,,8,8,[]
B1,KYOw02719,2,3,0.7885720133781433,,8,8,[]
B1,KYOw02720,1,2,0.6602513194084167,,8,8,[]
B1,KYOw02720,1,3,0.989240288734436,,8,8,[]
B1,KYOw02720,2,3,0.6647825241088867,,8,8,[]
B1,KYOw02751,1,2,0.7888697981834412,,8,8,[]
B1,KYOw02751,1,3,0.9915285110473633,,8,8,[]
B1,KYOw02751,2,3,0.7959007620811462,,8,8,[]
B1,KYOw02752,1,2,0.8234594464302063,,8,8,[]
B1,KYOw02752,1,3,0.9844138026237488,,8,8,[]
B1,KYOw02752,2,3,0.8148046135902405,,8,8,[]
B1,KYOw02754,1,2,0.7740066051483154,,8,8,[]
B1,KYOw02754,1,3,0.992380678653717,,8,8,[]
B1,KYOw02754,2,3,0.7785151600837708,,8,8,[]
B1,KYOw02756,1,2,0.7905617952346802,,8,8,[]
B1,KYOw02756,1,3,0.9919418692588806,,8,8,[]
B1,KYOw02756,2,3,0.7952019572257996,,8,8,[]
B1,KYOw02758,1,2,0.731743574142456,,8,8,[]
B1,KYOw02758,1,3,0.9818953275680542,,8,8,[]
B1,KYOw02758,2,3,0.7250492572784424,,8,8,[]
B1,KYOw02759,1,2,0.8039823174476624,,8,8,[]
B1,KYOw02759,1,3,0.9871669411659241,,8,8,[]
B1,KYOw02759,2,3,0.7996015548706055,,8,8,[]
B1,KYOw02760,1,2,0.8688668012619019,,8,8,[]
B1,KYOw02760,1,3,0.9849998950958252,,8,8,[]
B1,KYOw02760,2,3,0.8573954701423645,,8,8,[]
B1,KYOw02762,1,2,0.7955628037452698,,8,8,[]
B1,KYOw02762,1,3,0.9852619767189026,,8,8,[]
B1,KYOw02762,2,3,0.7880565524101257,,8,8,[]
B1,KYOw02763,1,2,0.8366203308105469,,8,8,[]
B1,KYOw02763,1,3,0.9942271709442139,,8,8,[]
B1,KYOw02763,2,3,0.8408660292625427,,8,8,[]
B1,KYOw02764,1,2,0.8020568490028381,,8,8,[]
B1,KYOw02764,1,3,0.9726636409759521,,8,8,[]
B1,KYOw02764,2,3,0.778631329536438,,8,8,[]
B1,KYOw02766,1,2,0.9160091876983643,,8,8,[]
B1,KYOw02766,1,3,0.996627926826477,,8,8,[]
B1,KYOw02766,2,3,0.9162835478782654,,8,8,[]
B1,KYOw02767,1,2,0.862518310546875,,8,8,[]
B1,KYOw02767,1,3,0.9952616691589355,,8,8,[]
B1,KYOw02767,2,3,0.866638720035553,,8,8,[]
B1,KYOw02768,1,2,0.8407809734344482,,7,8,[]
B1,KYOw02768,1,3,0.9939107298851013,,7,7,[]
B1,KYOw02768,2,3,0.8462193012237549,,8,7,[]
B1,KYOw02769,1,2,0.8173121213912964,,8,8,[]
B1,KYOw02769,1,3,0.9936811327934265,,8,8,[]
B1,KYOw02769,2,3,0.8210203051567078,,8,8,[]
B1,KYOw02770,1,2,0.8182475566864014,,8,8,[]
B1,KYOw02770,1,3,0.9857252836227417,,8,8,[]
B1,KYOw02770,2,3,0.810791015625,,8,8,[]
B1,KYOw02771,1,2,0.755581259727478,,8,8,[]
B1,KYOw02771,1,3,0.9916257858276367,,8,8,[]
B1,KYOw02771,2,3,0.7620936036109924,,8,8,[]
B1,KYOw02772,1,2,0.888536810874939,,8,8,[]
B1,KYOw02772,1,3,0.9967604875564575,,8,8,[]
B1,KYOw02772,2,3,0.8895836472511292,,8,8,[]
B1,KYOw02773,1,2,0.8909760117530823,,8,8,[]
B1,KYOw02773,1,3,0.9959040880203247,,8,8,[]
B1,KYOw02773,2,3,0.8926408290863037,,8,8,[]
B1,KYOw02774,1,2,0.8878610134124756,,8,8,[]
B1,KYOw02774,1,3,0.9902859926223755,,8,8,[]
B1,KYOw02774,2,3,0.8819946050643921,,8,8,[]
B1,KYOw02775,1,2,0.7620165944099426,,8,8,[]
B1,KYOw02775,1,3,0.9912248849868774,,8,8,[]
B1,KYOw02775,2,3,0.7660504579544067,,8,8,[]
B1,KYOw02776,1,2,0.7318623065948486,,8,8,[]
B1,KYOw02776,1,3,0.9885274767875671,,8,8,[]
B1,KYOw02776,2,3,0.7400507926940918,,8,8,[]
B1,KYOw02777,1,2,0.7986551523208618,,8,8,[]
B1,KYOw02777,1,3,0.9938777685165405,,8,8,[]
B1,KYOw02777,2,3,0.8033065795898438,,8,8,[]
B1,KYOw02780,1,2,0.841814398765564,,8,8,[]
B1,KYOw02780,1,3,0.9883367419242859,,8,8,[]
B1,KYOw02780,2,3,0.8369783759117126,,8,8,[]
B1,KYOw02783,1,2,0.8325467705726624,,8,8,[]
B1,KYOw02783,1,3,0.9936404228210449,,8,8,[]
B1,KYOw02783,2,3,0.8350237607955933,,8,8,[]
B1,KYOw02784,1,2,0.809120237827301,,8,8,[]
B1,KYOw02784,1,3,0.9929444789886475,,8,8,[]
B1,KYOw02784,2,3,0.8143061399459839,,8,8,[]
B1,KYOw02787,1,2,0.7770270109176636,,8,8,[]
B1,KYOw02787,1,3,0.9909032583236694,,8,8,[]
B1,KYOw02787,2,3,0.7833805084228516,,8,8,[]
B1,KYOw02788,1,2,0.498653382062912,,5,5,[]
B1,KYOw02788,1,3,0.9883930683135986,,5,5,[]
B1,KYOw02788,2,3,0.5082061886787415,,5,5,[]
B1,KYOw02789,1,2,0.3999904990196228,,2,3,[]
B1,KYOw02789,1,3,1.0,,2,2,[]
B1,KYOw02789,2,3,0.3999904990196228,,3,2,[]
B1,KYOw02790,1,2,0.6337069869041443,,4,4,[]
B1,KYOw02790,1,3,0.988494873046875,,4,4,[]
B1,KYOw02790,2,3,0.6329477429389954,,4,4,[]
B1,KYOw16662,1,2,0.8045138716697693,,8,8,[]
B1,KYOw16662,1,3,0.9924289584159851,,8,8,[]
B1,KYOw16662,2,3,0.8086848258972168,,8,8,[]
B1,KYOw16666,1,2,0.8421623706817627,,8,8,[]
B1,KYOw16666,1,3,0.9764401316642761,,8,8,[]
B1,KYOw16666,2,3,0.8221173286437988,,8,8,[]
B1,KYOw16700,1,2,0.8490049839019775,,8,8,[]
B1,KYOw16700,1,3,0.9948543310165405,,8,8,[]
B1,KYOw16700,2,3,0.8525542616844177,,8,8,[]
B1,KYOw16702,1,2,0.6410819292068481,,8,8,[]
B1,KYOw16702,1,3,0.978175163269043,,8,8,[]
B1,KYOw16702,2,3,0.6358034014701843,,8,8,[]
B1,KYOw16711,1,2,0.840330958366394,,8,8,[]
B1,KYOw16711,1,3,0.9961764812469482,,8,8,[]
B1,KYOw16711,2,3,0.8429853916168213,,8,8,[]
B1,KYOw16714,1,2,0.8502660393714905,,8,8,[]
B1,KYOw16714,1,3,0.9937471151351929,,8,8,[]
B1,KYOw16714,2,3,0.8526926040649414,,8,8,[]
B1,KYOw16716,1,2,0.8246731162071228,,8,8,[]
B1,KYOw16716,1,3,0.9934397339820862,,8,8,[]
B1,KYOw16716,2,3,0.8285802602767944,,8,8,[]
B1,KYOw16719,1,2,0.7299109697341919,,8,8,[]
B1,KYOw16719,1,3,0.9909703135490417,,8,8,[]
B1,KYOw16719,2,3,0.7370026111602783,,8,8,[]
B1,KYOw16737,1,2,0.7759350538253784,,8,8,[]
B1,KYOw16737,1,3,0.9925433397293091,,8,8,[]
B1,KYOw16737,2,3,0.7805803418159485,,8,8,[]
B1,KYOw16744,1,2,0.7347404360771179,,8,8,[]
B1,KYOw16744,1,3,0.9860720038414001,,8,8,[]
B1,KYOw16744,2,3,0.7336684465408325,,8,8,[]
B1,KYOw16750,1,2,0.837261974811554,,8,8,[]
B1,KYOw16750,1,3,0.9954937696456909,,8,8,[]
B1,KYOw16750,2,3,0.8400070667266846,,8,8,[]
A0,KYOw02702,1,2,0.5708363056182861,,8,7,[]
A0,KYOw02702,1,3,0.7317220568656921,,8,6,[]
A0,KYOw02702,2,3,0.4308432340621948,,7,6,[]
A0,KYOw02707,1,2,0.6173945665359497,,8,8,[]
A0,KYOw02707,1,3,0.6036336421966553,,8,8,[]
A0,KYOw02707,2,3,0.38512498140335083,,8,8,[]
A0,KYOw02708,1,2,0.4616602063179016,,8,8,[]
A0,KYOw02708,1,3,0.7068813443183899,,8,8,[]
A0,KYOw02708,2,3,0.44832438230514526,,8,8,[]
A0,KYOw02709,1,2,0.25350257754325867,,8,8,[]
A0,KYOw02709,1,3,0.9024919867515564,,8,8,[]
A0,KYOw02709,2,3,0.22828033566474915,,8,8,[]
A0,KYOw02715,1,2,0.992928147315979,,8,8,[]
A0,KYOw02715,1,3,0.9876447319984436,,8,7,[]
A0,KYOw02715,2,3,0.9856956601142883,,8,7,[]
A0,KYOw02716,1,2,0.28477808833122253,,8,8,[]
A0,KYOw02716,1,3,0.9333416819572449,,8,8,[]
A0,KYOw02716,2,3,0.26487141847610474,,8,8,[]
A0,KYOw02717,1,2,0.8554444313049316,,8,8,[]
A0,KYOw02717,1,3,0.9450748562812805,,8,8,[]
A0,KYOw02717,2,3,0.8421684503555298,,8,8,[]
A0,KYOw02719,1,2,0.8952304720878601,,8,8,[]
A0,KYOw02719,1,3,0.9705923795700073,,8,7,[]
A0,KYOw02719,2,3,0.8886969685554504,,8,7,[]
A0,KYOw02720,1,2,0.90503990650177,,8,8,[]
A0,KYOw02720,1,3,0.8517347574234009,,8,8,[]
A0,KYOw02720,2,3,0.8065922260284424,,8,8,[]
A0,KYOw02751,1,2,0.9588032364845276,,8,8,[]
A0,KYOw02751,1,3,0.9585021138191223,,8,7,[]
A0,KYOw02751,2,3,0.9262721538543701,,8,7,[]
A0,KYOw02752,1,2,0.5613698363304138,,8,8,[]
A0,KYOw02752,1,3,0.852180004119873,,8,7,[]
A0,KYOw02752,2,3,0.489372193813324,,8,7,[]
A0,KYOw02754,1,2,0.676256537437439,,8,8,[]
A0,KYOw02754,1,3,0.88350909948349,,8,7,[]
A0,KYOw02754,2,3,0.6191859245300293,,8,7,[]
A0,KYOw02756,1,2,0.8509246110916138,,8,8,[]
A0,KYOw02756,1,3,0.9009724855422974,,8,8,[]
A0,KYOw02756,2,3,0.7980629205703735,,8,8,[]
A0,KYOw02758,1,2,0.3850288689136505,,8,8,[]
A0,KYOw02758,1,3,0.8430730700492859,,8,8,[]
A0,KYOw02758,2,3,0.35818007588386536,,8,8,[]
A0,KYOw02759,1,2,0.7760809659957886,,8,8,[]
A0,KYOw02759,1,3,0.7616074681282043,,8,8,[]
A0,KYOw02759,2,3,0.6129100322723389,,8,8,[]
A0,KYOw02760,1,2,0.6861995458602905,,8,8,[]
A0,KYOw02760,1,3,0.6437863707542419,,8,8,[]
A0,KYOw02760,2,3,0.49024057388305664,,8,8,[]
A0,KYOw02762,1,2,0.4665488302707672,,8,8,[]
A0,KYOw02762,1,3,0.8339019417762756,,8,8,[]
A0,KYOw02762,2,3,0.48359712958335876,,8,8,[]
A0,KYOw02763,1,2,0.7242944240570068,,8,8,[]
A0,KYOw02763,1,3,0.8910050392150879,,8,8,[]
A0,KYOw02763,2,3,0.7167938947677612,,8,8,[]
A0,KYOw02764,1,2,0.9576871395111084,,8,7,[]
A0,KYOw02764,1,3,0.6145833730697632,,8,7,[]
A0,KYOw02764,2,3,0.5897887945175171,,7,7,[]
A0,KYOw02766,1,2,0.6189318895339966,,8,8,[]
A0,KYOw02766,1,3,0.8145647644996643,,8,8,[]
A0,KYOw02766,2,3,0.595263659954071,,8,8,[]
A0,KYOw02767,1,2,0.967796266078949,,8,8,[]
A0,KYOw02767,1,3,0.7235417366027832,,8,7,[]
A0,KYOw02767,2,3,0.7081689238548279,,8,7,[]
A0,KYOw02768,1,2,0.6022714972496033,,8,8,[]
A0,KYOw02768,1,3,0.7666856050491333,,8,8,[]
A0,KYOw02768,2,3,0.6802310943603516,,8,8,[]
A0,KYOw02769,1,2,0.8956859707832336,,8,8,[]
A0,KYOw02769,1,3,0.8863668441772461,,8,8,[]
A0,KYOw02769,2,3,0.8298516273498535,,8,8,[]
A0,KYOw02770,1,2,0.4109760820865631,,8,7,[]
A0,KYOw02770,1,3,0.8572813272476196,,8,8,[]
A0,KYOw02770,2,3,0.33908531069755554,,7,8,[]
A0,KYOw02771,1,2,0.9642478823661804,,8,7,[]
A0,KYOw02771,1,3,0.933082640171051,,8,7,[]
A0,KYOw02771,2,3,0.9148485660552979,,7,7,[]
A0,KYOw02772,1,2,0.4715007245540619,,8,8,[]
A0,KYOw02772,1,3,0.8823764324188232,,8,8,[]
A0,KYOw02772,2,3,0.4886782169342041,,8,8,[]
A0,KYOw02773,1,2,0.5738216042518616,,8,7,[]
A0,KYOw02773,1,3,0.7516376972198486,,8,7,[]
A0,KYOw02773,2,3,0.6442872285842896,,7,7,[]
A0,KYOw02774,1,2,0.6034168601036072,,8,7,[]
A0,KYOw02774,1,3,0.7906896471977234,,8,7,[]
A0,KYOw02774,2,3,0.5042462944984436,,7,7,[]
A0,KYOw02775,1,2,0.3118148744106293,,8,7,[]
A0,KYOw02775,1,3,0.8228613138198853,,8,7,[]
A0,KYOw02775,2,3,0.30414143204689026,,7,7,[]
A0,KYOw02776,1,2,0.9110889434814453,,8,8,[]
A0,KYOw02776,1,3,0.8935990929603577,,8,8,[]
A0,KYOw02776,2,3,0.8556964993476868,,8,8,[]
A0,KYOw02777,1,2,0.9790600538253784,,8,8,[]
A0,KYOw02777,1,3,0.8598184585571289,,8,8,[]
A0,KYOw02777,2,3,0.8455389738082886,,8,8,[]
A0,KYOw02780,1,2,0.8029047250747681,,8,7,[]
A0,KYOw02780,1,3,0.607537567615509,,8,7,[]
A0,KYOw02780,2,3,0.49330294132232666,,7,7,[]
A0,KYOw02783,1,2,0.7238161563873291,,8,7,[]
A0,KYOw02783,1,3,0.795409619808197,,8,7,[]
A0,KYOw02783,2,3,0.608000636100769,,7,7,[]
A0,KYOw02784,1,2,0.8800995945930481,,8,7,[]
A0,KYOw02784,1,3,0.9135332703590393,,8,7,[]
A0,KYOw02784,2,3,0.8214277625083923,,7,7,[]
A0,KYOw02787,1,2,0.9661678671836853,,8,7,[]
A0,KYOw02787,1,3,0.8601037859916687,,8,8,[]
A0,KYOw02787,2,3,0.8533542156219482,,7,8,[]
A0,KYOw02788,1,2,0.8505544066429138,,8,8,[]
A0,KYOw02788,1,3,0.8274205923080444,,8,7,[]
A0,KYOw02788,2,3,0.7563505172729492,,8,7,[]
A0,KYOw02789,1,2,0.7346442937850952,,5,5,[]
A0,KYOw02789,1,3,0.030380012467503548,,5,5,[]
A0,KYOw02789,2,3,-0.013429822400212288,,5,5,[]
A0,KYOw02790,1,2,0.8945782780647278,,8,8,[]
A0,KYOw02790,1,3,0.8177448511123657,,8,7,[]
A0,KYOw02790,2,3,0.9036301970481873,,8,7,[]
A0,KYOw16662,1,2,0.6231895089149475,,8,8,[]
A0,KYOw16662,1,3,0.7552125453948975,,8,8,[]
A0,KYOw16662,2,3,0.5126132369041443,,8,8,[]
A0,KYOw16666,1,2,0.7399458885192871,,8,8,[]
A0,KYOw16666,1,3,0.8450214862823486,,8,6,[]
A0,KYOw16666,2,3,0.6083152294158936,,8,6,[]
A0,KYOw16700,1,2,0.8032219409942627,,8,7,[]
A0,KYOw16700,1,3,0.7451243996620178,,8,8,[]
A0,KYOw16700,2,3,0.6542118787765503,,7,8,[]
A0,KYOw16702,1,2,0.33717525005340576,,8,8,[]
A0,KYOw16702,1,3,0.8549793362617493,,8,8,[]
A0,KYOw16702,2,3,0.3471308946609497,,8,8,[]
A0,KYOw16711,1,2,0.6583482027053833,,8,8,[]
A0,KYOw16711,1,3,0.8486734628677368,,8,8,[]
A0,KYOw16711,2,3,0.6135761737823486,,8,8,[]
A0,KYOw16714,1,2,0.6144258379936218,,8,7,[]
A0,KYOw16714,1,3,0.8353814482688904,,8,6,[]
A0,KYOw16714,2,3,0.5665091872215271,,7,6,[]
A0,KYOw16716,1,2,0.8058691024780273,,8,8,[]
A0,KYOw16716,1,3,0.8861150145530701,,8,7,[]
A0,KYOw16716,2,3,0.7485931515693665,,8,7,[]
A0,KYOw16719,1,2,0.9877868890762329,,8,8,[]
A0,KYOw16719,1,3,0.9516770839691162,,8,7,[]
A0,KYOw16719,2,3,0.9429261088371277,,8,7,[]
A0,KYOw16737,1,2,0.5185711979866028,,8,8,[]
A0,KYOw16737,1,3,0.8504142761230469,,8,8,[]
A0,KYOw16737,2,3,0.4629458487033844,,8,8,[]
A0,KYOw16744,1,2,0.3353366255760193,,8,8,[]
A0,KYOw16744,1,3,0.8556325435638428,,8,8,[]
A0,KYOw16744,2,3,0.32141485810279846,,8,8,[]
A0,KYOw16750,1,2,0.9253435134887695,,8,7,[]
A0,KYOw16750,1,3,0.8717955350875854,,8,6,[]
A0,KYOw16750,2,3,0.8392862677574158,,7,6,[]
A1,KYOw02702,1,2,0.5683731436729431,,6,6,[]
A1,KYOw02702,1,3,0.42483851313591003,,6,6,[]
A1,KYOw02702,2,3,0.28417953848838806,,6,6,[]
A1,KYOw02707,1,2,0.553950309753418,,8,8,[]
A1,KYOw02707,1,3,0.41828590631484985,,8,8,[]
A1,KYOw02707,2,3,0.33262550830841064,,8,8,[]
A1,KYOw02708,1,2,0.5611542463302612,,8,8,[]
A1,KYOw02708,1,3,0.30189117789268494,,8,8,[]
A1,KYOw02708,2,3,0.4365745782852173,,8,8,[]
A1,KYOw02709,1,2,0.5863935947418213,,8,8,[]
A1,KYOw02709,1,3,0.2726597785949707,,8,6,[]
A1,KYOw02709,2,3,0.2840539813041687,,8,6,[]
A1,KYOw02715,1,2,0.594342827796936,,7,7,[]
A1,KYOw02715,1,3,0.6134347319602966,,7,6,[]
A1,KYOw02715,2,3,0.8890464305877686,,7,6,[]
A1,KYOw02716,1,2,0.688147783279419,,8,8,[]
A1,KYOw02716,1,3,0.3697425425052643,,8,8,[]
A1,KYOw02716,2,3,0.2665596008300781,,8,8,[]
A1,KYOw02717,1,2,0.6504445672035217,,8,8,[]
A1,KYOw02717,1,3,0.6094492673873901,,8,8,[]
A1,KYOw02717,2,3,0.7278932332992554,,8,8,[]
A1,KYOw02719,1,2,0.7082332968711853,,6,6,[]
A1,KYOw02719,1,3,0.6921287775039673,,6,6,[]
A1,KYOw02719,2,3,0.7826558947563171,,6,6,[]
A1,KYOw02720,1,2,0.8142130970954895,,8,8,[]
A1,KYOw02720,1,3,0.7759184837341309,,8,8,[]
A1,KYOw02720,2,3,0.7562000751495361,,8,8,[]
A1,KYOw02751,1,2,0.6779956221580505,,8,8,[]
A1,KYOw02751,1,3,0.63832026720047,,8,7,[]
A1,KYOw02751,2,3,0.8576040863990784,,8,7,[]
A1,KYOw02752,1,2,0.6618532538414001,,7,7,[]
A1,KYOw02752,1,3,0.5114421844482422,,7,8,[]
A1,KYOw02752,2,3,0.4204026758670807,,7,8,[]
A1,KYOw02754,1,2,0.5685145258903503,,7,6,[]
A1,KYOw02754,1,3,0.48521342873573303,,7,6,[]
A1,KYOw02754,2,3,0.5707080364227295,,6,6,[]
A1,KYOw02756,1,2,0.6093124747276306,,8,8,[]
A1,KYOw02756,1,3,0.630844235420227,,8,8,[]
A1,KYOw02756,2,3,0.604722261428833,,8,8,[]
A1,KYOw02758,1,2,0.6528017520904541,,7,7,[]
A1,KYOw02758,1,3,0.23670931160449982,,7,6,[]
A1,KYOw02758,2,3,0.18762457370758057,,7,6,[]
A1,KYOw02759,1,2,0.711178183555603,,8,8,[]
A1,KYOw02759,1,3,0.66766756772995,,8,8,[]
A1,KYOw02759,2,3,0.6140362024307251,,8,8,[]
A1,KYOw02760,1,2,0.6914687752723694,,7,8,[]
A1,KYOw02760,1,3,0.3792726695537567,,7,8,[]
A1,KYOw02760,2,3,0.41766563057899475,,8,8,[]
A1,KYOw02762,1,2,0.42309507727622986,,7,8,[]
A1,KYOw02762,1,3,0.39383572340011597,,7,6,[]
A1,KYOw02762,2,3,0.6662291288375854,,8,6,[]
A1,KYOw02763,1,2,0.6617621183395386,,8,8,[]
A1,KYOw02763,1,3,0.5139223337173462,,8,7,[]
A1,KYOw02763,2,3,0.5745443105697632,,8,7,[]
A1,KYOw02764,1,2,0.9083792567253113,,7,7,[]
A1,KYOw02764,1,3,0.5894532203674316,,7,8,[]
A1,KYOw02764,2,3,0.5988497734069824,,7,8,[]
A1,KYOw02766,1,2,0.5740566253662109,,7,7,[]
A1,KYOw02766,1,3,0.45736655592918396,,7,7,[]
A1,KYOw02766,2,3,0.47176292538642883,,7,7,[]
A1,KYOw02767,1,2,0.9137798547744751,,7,7,[]
A1,KYOw02767,1,3,0.7360731363296509,,7,6,[]
A1,KYOw02767,2,3,0.767243504524231,,7,6,[]
A1,KYOw02768,1,2,0.2935854494571686,,8,8,[]
A1,KYOw02768,1,3,0.2958844006061554,,8,8,[]
A1,KYOw02768,2,3,0.4925547242164612,,8,8,[]
A1,KYOw02769,1,2,0.8270594477653503,,8,8,[]
A1,KYOw02769,1,3,0.777023196220398,,8,8,[]
A1,KYOw02769,2,3,0.8044679760932922,,8,8,[]
A1,KYOw02770,1,2,0.6837634444236755,,8,7,[]
A1,KYOw02770,1,3,0.31687095761299133,,8,6,[]
A1,KYOw02770,2,3,0.3444976806640625,,7,6,[]
A1,KYOw02771,1,2,0.9191269278526306,,7,7,[]
A1,KYOw02771,1,3,0.8645263910293579,,7,8,[]
A1,KYOw02771,2,3,0.8778851628303528,,7,8,[]
A1,KYOw02772,1,2,0.694227933883667,,8,8,[]
A1,KYOw02772,1,3,0.48690447211265564,,8,8,[]
A1,KYOw02772,2,3,0.4472543001174927,,8,8,[]
A1,KYOw02773,1,2,0.728769838809967,,5,5,[]
A1,KYOw02773,1,3,0.406167209148407,,5,5,[]
A1,KYOw02773,2,3,0.503723680973053,,5,5,[]
A1,KYOw02774,1,2,0.695492148399353,,8,7,[]
A1,KYOw02774,1,3,0.5474776029586792,,8,8,[]
A1,KYOw02774,2,3,0.4964807331562042,,7,8,[]
A1,KYOw02775,1,2,0.4969501495361328,,6,6,[]
A1,KYOw02775,1,3,0.2322753369808197,,6,8,[]
A1,KYOw02775,2,3,0.1834646463394165,,6,8,[]
A1,KYOw02776,1,2,0.5844469666481018,,7,7,[]
A1,KYOw02776,1,3,0.4700784683227539,,7,7,[]
A1,KYOw02776,2,3,0.537102222442627,,7,7,[]
A1,KYOw02777,1,2,0.9661051034927368,,8,8,[]
A1,KYOw02777,1,3,0.44030311703681946,,8,8,[]
A1,KYOw02777,2,3,0.44568517804145813,,8,8,[]
A1,KYOw02780,1,2,0.5285470485687256,,6,6,[]
A1,KYOw02780,1,3,0.3679061532020569,,6,6,[]
A1,KYOw02780,2,3,0.25986674427986145,,6,6,[]
A1,KYOw02783,1,2,0.7094370722770691,,7,7,[]
A1,KYOw02783,1,3,0.45573049783706665,,7,8,[]
A1,KYOw02783,2,3,0.45581066608428955,,7,8,[]
A1,KYOw02784,1,2,0.7313234806060791,,6,6,[]
A1,KYOw02784,1,3,0.5321589708328247,,6,7,[]
A1,KYOw02784,2,3,0.46051767468452454,,6,7,[]
A1,KYOw02787,1,2,0.9205222129821777,,8,7,[]
A1,KYOw02787,1,3,0.8290420174598694,,8,8,[]
A1,KYOw02787,2,3,0.846754789352417,,7,8,[]
A1,KYOw02788,1,2,0.13926535844802856,,7,7,[]
A1,KYOw02788,1,3,0.07210800796747208,,7,7,[]
A1,KYOw02788,2,3,0.5813365578651428,,7,7,[]
A1,KYOw02789,1,2,0.793025553226471,,6,5,[]
A1,KYOw02789,1,3,0.3288893401622772,,6,5,[]
A1,KYOw02789,2,3,0.33692461252212524,,5,5,[]
A1,KYOw02790,1,2,0.4262259006500244,,7,7,[]
A1,KYOw02790,1,3,0.3451983630657196,,7,6,[]
A1,KYOw02790,2,3,0.5706949830055237,,7,6,[]
A1,KYOw16662,1,2,0.49540647864341736,,8,8,[]
A1,KYOw16662,1,3,0.445790559053421,,8,8,[]
A1,KYOw16662,2,3,0.44782692193984985,,8,8,[]
A1,KYOw16666,1,2,0.6912968158721924,,7,6,[]
A1,KYOw16666,1,3,0.4449979364871979,,7,6,[]
A1,KYOw16666,2,3,0.41887474060058594,,6,6,[]
A1,KYOw16700,1,2,0.6621781587600708,,6,6,[]
A1,KYOw16700,1,3,0.44363129138946533,,6,6,[]
A1,KYOw16700,2,3,0.5357199907302856,,6,6,[]
A1,KYOw16702,1,2,0.5396872162818909,,8,8,[]
A1,KYOw16702,1,3,0.2953842878341675,,8,6,[]
A1,KYOw16702,2,3,0.17789827287197113,,8,6,[]
A1,KYOw16711,1,2,0.6443532705307007,,8,8,[]
A1,KYOw16711,1,3,0.48191049695014954,,8,7,[]
A1,KYOw16711,2,3,0.5303188562393188,,8,7,[]
A1,KYOw16714,1,2,0.47994136810302734,,6,5,[]
A1,KYOw16714,1,3,0.3680800497531891,,6,4,[]
A1,KYOw16714,2,3,0.2568119168281555,,5,4,[]
A1,KYOw16716,1,2,0.7008174657821655,,8,8,[]
A1,KYOw16716,1,3,0.6386635303497314,,8,8,[]
A1,KYOw16716,2,3,0.6181907653808594,,8,8,[]
A1,KYOw16719,1,2,0.990243136882782,,7,7,[]
A1,KYOw16719,1,3,0.33840611577033997,,7,6,[]
A1,KYOw16719,2,3,0.34088724851608276,,7,6,[]
A1,KYOw16737,1,2,0.451727956533432,,8,8,[]
A1,KYOw16737,1,3,0.4488728642463684,,8,8,[]
A1,KYOw16737,2,3,0.353228360414505,,8,8,[]
A1,KYOw16744,1,2,0.609237790107727,,8,8,[]
A1,KYOw16744,1,3,0.3762892186641693,,8,8,[]
A1,KYOw16744,2,3,0.21432003378868103,,8,8,[]
A1,KYOw16750,1,2,0.7958756685256958,,6,6,[]
A1,KYOw16750,1,3,0.6445271372795105,,6,6,[]
A1,KYOw16750,2,3,0.6564021706581116,,6,6,[]
M00,KYOw02702,1,2,0.6675729155540466,,6,7,[]
M00,KYOw02702,1,3,0.9500805139541626,,6,6,[]
M00,KYOw02702,2,3,0.6963130235671997,,7,6,[]
M00,KYOw02707,1,2,0.38160744309425354,,8,8,[]
M00,KYOw02707,1,3,0.9006491303443909,,8,8,[]
M00,KYOw02707,2,3,0.39603057503700256,,8,8,[]
M00,KYOw02708,1,2,0.5726708769798279,,8,8,[]
M00,KYOw02708,1,3,0.9311845898628235,,8,8,[]
M00,KYOw02708,2,3,0.6189563870429993,,8,8,[]
M00,KYOw02709,1,2,0.9102305173873901,,7,7,[]
M00,KYOw02709,1,3,0.9881511330604553,,7,7,[]
M00,KYOw02709,2,3,0.9192394018173218,,7,7,[]
M00,KYOw02715,1,2,0.42868319153785706,,7,7,[]
M00,KYOw02715,1,3,0.917728841304779,,7,7,[]
M00,KYOw02715,2,3,0.47860386967658997,,7,7,[]
M00,KYOw02716,1,2,0.9097114205360413,,7,7,[]
M00,KYOw02716,1,3,0.987179160118103,,7,7,[]
M00,KYOw02716,2,3,0.9205740094184875,,7,7,[]
M00,KYOw02717,1,2,0.804345428943634,,8,8,[]
M00,KYOw02717,1,3,0.9720739126205444,,8,8,[]
M00,KYOw02717,2,3,0.8288916945457458,,8,8,[]
M00,KYOw02719,1,2,0.7836856842041016,,6,7,[]
M00,KYOw02719,1,3,0.967648983001709,,6,6,[]
M00,KYOw02719,2,3,0.8113632798194885,,7,6,[]
M00,KYOw02720,1,2,0.6848273277282715,,8,7,[]
M00,KYOw02720,1,3,0.9431171417236328,,8,8,[]
M00,KYOw02720,2,3,0.7345445156097412,,7,8,[]
M00,KYOw02751,1,2,0.5397857427597046,,7,8,[]
M00,KYOw02751,1,3,0.9007458090782166,,7,7,[]
M00,KYOw02751,2,3,0.6092538833618164,,8,7,[]
M00,KYOw02752,1,2,0.7649602293968201,,7,7,[]
M00,KYOw02752,1,3,0.9677903056144714,,7,7,[]
M00,KYOw02752,2,3,0.7869086861610413,,7,7,[]
M00,KYOw02754,1,2,0.5216646194458008,,6,6,[]
M00,KYOw02754,1,3,0.9018366932868958,,6,6,[]
M00,KYOw02754,2,3,0.5901698470115662,,6,6,[]
M00,KYOw02756,1,2,0.4313862919807434,,8,8,[]
M00,KYOw02756,1,3,0.917789101600647,,8,8,[]
M00,KYOw02756,2,3,0.476861834526062,,8,8,[]
M00,KYOw02758,1,2,0.8103650212287903,,8,8,[]
M00,KYOw02758,1,3,0.9795501828193665,,8,8,[]
M00,KYOw02758,2,3,0.8215552568435669,,8,8,[]
M00,KYOw02759,1,2,0.6763575673103333,,7,7,[]
M00,KYOw02759,1,3,0.9668036699295044,,7,7,[]
M00,KYOw02759,2,3,0.699674665927887,,7,7,[]
M00,KYOw02760,1,2,0.5519422888755798,,7,7,[]
M00,KYOw02760,1,3,0.9591972231864929,,7,7,[]
M00,KYOw02760,2,3,0.5786861777305603,,7,7,[]
M00,KYOw02762,1,2,0.7645427584648132,,8,8,[]
M00,KYOw02762,1,3,0.9786059856414795,,8,8,[]
M00,KYOw02762,2,3,0.7712168097496033,,8,8,[]
M00,KYOw02763,1,2,0.6805590391159058,,8,8,[]
M00,KYOw02763,1,3,0.9624521136283875,,8,8,[]
M00,KYOw02763,2,3,0.7111735939979553,,8,8,[]
M00,KYOw02764,1,2,0.5805458426475525,,7,7,[]
M00,KYOw02764,1,3,0.9850635528564453,,7,7,[]
M00,KYOw02764,2,3,0.5882458686828613,,7,7,[]
M00,KYOw02766,1,2,0.8261390924453735,,8,8,[]
M00,KYOw02766,1,3,0.9830145239830017,,8,8,[]
M00,KYOw02766,2,3,0.8342121243476868,,8,8,[]
M00,KYOw02767,1,2,0.8030610084533691,,7,8,[]
M00,KYOw02767,1,3,0.9732499122619629,,7,7,[]
M00,KYOw02767,2,3,0.8240501880645752,,8,7,[]
M00,KYOw02768,1,2,0.9084067940711975,,8,8,[]
M00,KYOw02768,1,3,0.9564747214317322,,8,8,[]
M00,KYOw02768,2,3,0.9083091616630554,,8,8,[]
M00,KYOw02769,1,2,0.6888657212257385,,8,8,[]
M00,KYOw02769,1,3,0.9740457534790039,,8,8,[]
M00,KYOw02769,2,3,0.7093297243118286,,8,8,[]
M00,KYOw02770,1,2,0.7460051774978638,,7,6,[]
M00,KYOw02770,1,3,0.9816887378692627,,7,7,[]
M00,KYOw02770,2,3,0.7579976320266724,,6,7,[]
M00,KYOw02771,1,2,0.356071412563324,,7,7,[]
M00,KYOw02771,1,3,0.9143524765968323,,7,7,[]
M00,KYOw02771,2,3,0.4114703834056854,,7,7,[]
M00,KYOw02772,1,2,0.7913317680358887,,8,8,[]
M00,KYOw02772,1,3,0.9794406890869141,,8,8,[]
M00,KYOw02772,2,3,0.7970184087753296,,8,8,[]
M00,KYOw02773,1,2,0.26104068756103516,,6,7,[]
M00,KYOw02773,1,3,0.9258782267570496,,6,6,[]
M00,KYOw02773,2,3,0.27973806858062744,,7,6,[]
M00,KYOw02774,1,2,0.5889926552772522,,7,7,[]
M00,KYOw02774,1,3,0.960091233253479,,7,7,[]
M00,KYOw02774,2,3,0.6085958480834961,,7,7,[]
M00,KYOw02775,1,2,0.6937996745109558,,6,6,[]
M00,KYOw02775,1,3,0.9581678509712219,,6,6,[]
M00,KYOw02775,2,3,0.7168982625007629,,6,6,[]
M00,KYOw02776,1,2,0.8224987983703613,,7,8,[]
M00,KYOw02776,1,3,0.9698362946510315,,7,7,[]
M00,KYOw02776,2,3,0.8503727912902832,,8,7,[]
M00,KYOw02777,1,2,0.7492769360542297,,8,8,[]
M00,KYOw02777,1,3,0.9589892029762268,,8,8,[]
M00,KYOw02777,2,3,0.7843435406684875,,8,8,[]
M00,KYOw02780,1,2,0.5670889616012573,,6,7,[]
M00,KYOw02780,1,3,0.9498294591903687,,6,6,[]
M00,KYOw02780,2,3,0.5983176231384277,,7,6,[]
M00,KYOw02783,1,2,0.5467780828475952,,7,7,[]
M00,KYOw02783,1,3,0.9428561329841614,,7,7,[]
M00,KYOw02783,2,3,0.5850818157196045,,7,7,[]
M00,KYOw02784,1,2,0.6164064407348633,,6,7,[]
M00,KYOw02784,1,3,0.9501577615737915,,6,6,[]
M00,KYOw02784,2,3,0.6439263820648193,,7,6,[]
M00,KYOw02787,1,2,0.4730999171733856,,7,7,[]
M00,KYOw02787,1,3,0.9375348687171936,,7,7,[]
M00,KYOw02787,2,3,0.5138686895370483,,7,7,[]
M00,KYOw02788,1,2,0.9728044271469116,,6,8,[]
M00,KYOw02788,1,3,0.992561399936676,,6,6,[]
M00,KYOw02788,2,3,0.9775511026382446,,8,6,[]
M00,KYOw02789,1,2,0.9708518385887146,,4,4,[]
M00,KYOw02789,1,3,0.9965077042579651,,4,4,[]
M00,KYOw02789,2,3,0.9721119999885559,,4,4,[]
M00,KYOw02790,1,2,0.7653403282165527,,7,7,[]
M00,KYOw02790,1,3,0.9040298461914062,,7,7,[]
M00,KYOw02790,2,3,0.7570073008537292,,7,7,[]
M00,KYOw16662,1,2,0.5578344464302063,,8,8,[]
M00,KYOw16662,1,3,0.9336577653884888,,8,8,[]
M00,KYOw16662,2,3,0.6007077693939209,,8,8,[]
M00,KYOw16666,1,2,0.7595492005348206,,6,7,[]
M00,KYOw16666,1,3,0.9771779179573059,,6,6,[]
M00,KYOw16666,2,3,0.7750063538551331,,7,6,[]
M00,KYOw16700,1,2,0.46552956104278564,,6,7,[]
M00,KYOw16700,1,3,0.9388436079025269,,6,6,[]
M00,KYOw16700,2,3,0.5076180696487427,,7,6,[]
M00,KYOw16702,1,2,0.7841378450393677,,8,7,[]
M00,KYOw16702,1,3,0.9908266663551331,,8,8,[]
M00,KYOw16702,2,3,0.7908359169960022,,7,8,[]
M00,KYOw16711,1,2,0.7531523108482361,,8,8,[]
M00,KYOw16711,1,3,0.9663980007171631,,8,8,[]
M00,KYOw16711,2,3,0.776854395866394,,8,8,[]
M00,KYOw16714,1,2,0.6280407905578613,,6,7,[]
M00,KYOw16714,1,3,0.9538928270339966,,6,6,[]
M00,KYOw16714,2,3,0.6561694741249084,,7,6,[]
M00,KYOw16716,1,2,0.715347170829773,,8,8,[]
M00,KYOw16716,1,3,0.9698176980018616,,8,8,[]
M00,KYOw16716,2,3,0.7393957376480103,,8,8,[]
M00,KYOw16719,1,2,0.24223019182682037,,7,8,[]
M00,KYOw16719,1,3,0.874884307384491,,7,7,[]
M00,KYOw16719,2,3,0.3019293248653412,,8,7,[]
M00,KYOw16737,1,2,0.6891250014305115,,8,8,[]
M00,KYOw16737,1,3,0.9648271203041077,,8,8,[]
M00,KYOw16737,2,3,0.7112244963645935,,8,8,[]
M00,KYOw16744,1,2,0.8572419881820679,,8,8,[]
M00,KYOw16744,1,3,0.9882053732872009,,8,8,[]
M00,KYOw16744,2,3,0.8659836649894714,,8,8,[]
M00,KYOw16750,1,2,0.4494699537754059,,6,7,[]
M00,KYOw16750,1,3,0.9448971152305603,,6,6,[]
M00,KYOw16750,2,3,0.4849722385406494,,7,6,[]
M11,KYOw02702,1,2,0.6827759146690369,,6,6,[]
M11,KYOw02702,1,3,0.8548668026924133,,6,6,[]
M11,KYOw02702,2,3,0.7734115719795227,,6,6,[]
M11,KYOw02707,1,2,0.42304491996765137,,8,8,[]
M11,KYOw02707,1,3,0.7990084290504456,,8,8,[]
M11,KYOw02707,2,3,0.4870884120464325,,8,8,[]
M11,KYOw02708,1,2,0.5962662696838379,,8,8,[]
M11,KYOw02708,1,3,0.8754190802574158,,8,8,[]
M11,KYOw02708,2,3,0.6823359727859497,,8,8,[]
M11,KYOw02709,1,2,0.9024622440338135,,7,8,[]
M11,KYOw02709,1,3,0.9451186656951904,,7,7,[]
M11,KYOw02709,2,3,0.9011186361312866,,8,7,[]
M11,KYOw02715,1,2,0.4628075957298279,,7,7,[]
M11,KYOw02715,1,3,0.944000244140625,,7,7,[]
M11,KYOw02715,2,3,0.4976646900177002,,7,7,[]
M11,KYOw02716,1,2,0.9299795031547546,,7,6,[]
M11,KYOw02716,1,3,0.9330308437347412,,7,7,[]
M11,KYOw02716,2,3,0.8759056329727173,,6,7,[]
M11,KYOw02717,1,2,0.8194066286087036,,8,7,[]
M11,KYOw02717,1,3,0.970321774482727,,8,8,[]
M11,KYOw02717,2,3,0.8395322561264038,,7,8,[]
M11,KYOw02719,1,2,0.7651522755622864,,6,6,[]
M11,KYOw02719,1,3,0.9377536177635193,,6,6,[]
M11,KYOw02719,2,3,0.7987533211708069,,6,6,[]
M11,KYOw02720,1,2,0.7178366780281067,,7,7,[]
M11,KYOw02720,1,3,0.9445854425430298,,7,7,[]
M11,KYOw02720,2,3,0.7606562972068787,,7,7,[]
M11,KYOw02751,1,2,0.5624745488166809,,7,8,[]
M11,KYOw02751,1,3,0.9126999974250793,,7,7,[]
M11,KYOw02751,2,3,0.6228438019752502,,8,7,[]
M11,KYOw02752,1,2,0.7730540037155151,,7,7,[]
M11,KYOw02752,1,3,0.9195827841758728,,7,7,[]
M11,KYOw02752,2,3,0.7980879545211792,,7,7,[]
M11,KYOw02754,1,2,0.5855888724327087,,6,5,[]
M11,KYOw02754,1,3,0.9417325258255005,,6,6,[]
M11,KYOw02754,2,3,0.6191165447235107,,5,6,[]
M11,KYOw02756,1,2,0.4369632601737976,,8,8,[]
M11,KYOw02756,1,3,0.9248222708702087,,8,8,[]
M11,KYOw02756,2,3,0.4726012051105499,,8,8,[]
M11,KYOw02758,1,2,0.740735650062561,,8,8,[]
M11,KYOw02758,1,3,0.9557610750198364,,8,8,[]
M11,KYOw02758,2,3,0.7246082425117493,,8,8,[]
M11,KYOw02759,1,2,0.6685909032821655,,7,7,[]
M11,KYOw02759,1,3,0.9172766208648682,,7,7,[]
M11,KYOw02759,2,3,0.6799889802932739,,7,7,[]
M11,KYOw02760,1,2,0.6761993169784546,,7,6,[]
M11,KYOw02760,1,3,0.8965036273002625,,7,7,[]
M11,KYOw02760,2,3,0.7020667195320129,,6,7,[]
M11,KYOw02762,1,2,0.6031288504600525,,8,8,[]
M11,KYOw02762,1,3,0.8643590211868286,,8,8,[]
M11,KYOw02762,2,3,0.629831075668335,,8,8,[]
M11,KYOw02763,1,2,0.6701894402503967,,8,8,[]
M11,KYOw02763,1,3,0.9276343584060669,,8,8,[]
M11,KYOw02763,2,3,0.7252684235572815,,8,8,[]
M11,KYOw02764,1,2,0.5323376655578613,,7,7,[]
M11,KYOw02764,1,3,0.962199330329895,,7,7,[]
M11,KYOw02764,2,3,0.5463361144065857,,7,7,[]
M11,KYOw02766,1,2,0.6931989789009094,,8,8,[]
M11,KYOw02766,1,3,0.9572809338569641,,8,8,[]
M11,KYOw02766,2,3,0.6995256543159485,,8,8,[]
M11,KYOw02767,1,2,0.8117627501487732,,7,8,[]
M11,KYOw02767,1,3,0.9770374894142151,,7,7,[]
M11,KYOw02767,2,3,0.8295092582702637,,8,7,[]
M11,KYOw02768,1,2,0.15657564997673035,,8,8,[]
M11,KYOw02768,1,3,0.9502696394920349,,8,8,[]
M11,KYOw02768,2,3,0.16828767955303192,,8,8,[]
M11,KYOw02769,1,2,0.6793687343597412,,8,8,[]
M11,KYOw02769,1,3,0.9686816334724426,,8,8,[]
M11,KYOw02769,2,3,0.6990313529968262,,8,8,[]
M11,KYOw02770,1,2,0.7398225665092468,,8,8,[]
M11,KYOw02770,1,3,0.9593486785888672,,8,8,[]
M11,KYOw02770,2,3,0.7353698015213013,,8,8,[]
M11,KYOw02771,1,2,0.3876000940799713,,7,6,[]
M11,KYOw02771,1,3,0.923646867275238,,7,7,[]
M11,KYOw02771,2,3,0.43599066138267517,,6,7,[]
M11,KYOw02772,1,2,0.7088747620582581,,8,8,[]
M11,KYOw02772,1,3,0.9428394436836243,,8,8,[]
M11,KYOw02772,2,3,0.7389315366744995,,8,8,[]
M11,KYOw02773,1,2,0.33958983421325684,,6,6,[]
M11,KYOw02773,1,3,0.9276829361915588,,6,6,[]
M11,KYOw02773,2,3,0.36801961064338684,,6,6,[]
M11,KYOw02774,1,2,0.577900230884552,,7,7,[]
M11,KYOw02774,1,3,0.9255550503730774,,7,7,[]
M11,KYOw02774,2,3,0.586982786655426,,7,7,[]
M11,KYOw02775,1,2,0.6476383805274963,,6,7,[]
M11,KYOw02775,1,3,0.9265612959861755,,6,6,[]
M11,KYOw02775,2,3,0.6775803565979004,,7,6,[]
M11,KYOw02776,1,2,0.6841846108436584,,7,8,[]
M11,KYOw02776,1,3,0.9530801177024841,,7,7,[]
M11,KYOw02776,2,3,0.718354344367981,,8,7,[]
M11,KYOw02777,1,2,0.6598443388938904,,8,8,[]
M11,KYOw02777,1,3,0.930465042591095,,8,8,[]
M11,KYOw02777,2,3,0.7139291167259216,,8,8,[]
M11,KYOw02780,1,2,0.6054699420928955,,6,6,[]
M11,KYOw02780,1,3,0.9092824459075928,,6,6,[]
M11,KYOw02780,2,3,0.6472653150558472,,6,6,[]
M11,KYOw02783,1,2,0.5882173180580139,,8,8,[]
M11,KYOw02783,1,3,0.9518365859985352,,8,8,[]
M11,KYOw02783,2,3,0.6161913871765137,,8,8,[]
M11,KYOw02784,1,2,0.6013677716255188,,6,6,[]
M11,KYOw02784,1,3,0.9385724663734436,,6,6,[]
M11,KYOw02784,2,3,0.6364257335662842,,6,6,[]
M11,KYOw02787,1,2,0.5496125221252441,,8,8,[]
M11,KYOw02787,1,3,0.9486695528030396,,8,8,[]
M11,KYOw02787,2,3,0.5921173691749573,,8,8,[]
M11,KYOw02788,1,2,0.9392102360725403,,6,7,[]
M11,KYOw02788,1,3,0.9676040410995483,,6,6,[]
M11,KYOw02788,2,3,0.9373370409011841,,7,6,[]
M11,KYOw02789,1,2,0.8735135793685913,,4,5,[]
M11,KYOw02789,1,3,0.9836147427558899,,4,4,[]
M11,KYOw02789,2,3,0.8806741833686829,,5,4,[]
M11,KYOw02790,1,2,0.4439210593700409,,7,8,[]
M11,KYOw02790,1,3,0.8144030570983887,,7,7,[]
M11,KYOw02790,2,3,0.3511027991771698,,8,7,[]
M11,KYOw16662,1,2,0.5970628261566162,,8,7,[]
M11,KYOw16662,1,3,0.9331793189048767,,8,8,[]
M11,KYOw16662,2,3,0.6287904381752014,,7,8,[]
M11,KYOw16666,1,2,0.8753324151039124,,5,6,[]
M11,KYOw16666,1,3,0.939742922782898,,5,6,[]
M11,KYOw16666,2,3,0.8314962983131409,,6,6,[]
M11,KYOw16700,1,2,0.5933796763420105,,6,6,[]
M11,KYOw16700,1,3,0.9506396055221558,,6,6,[]
M11,KYOw16700,2,3,0.6272040605545044,,6,6,[]
M11,KYOw16702,1,2,0.7368040084838867,,8,7,[]
M11,KYOw16702,1,3,0.9642888903617859,,8,8,[]
M11,KYOw16702,2,3,0.7112239599227905,,7,8,[]
M11,KYOw16711,1,2,0.7006991505622864,,8,8,[]
M11,KYOw16711,1,3,0.9439956545829773,,8,8,[]
M11,KYOw16711,2,3,0.7360755801200867,,8,8,[]
M11,KYOw16714,1,2,0.5752660036087036,,6,6,[]
M11,KYOw16714,1,3,0.9016076326370239,,6,6,[]
M11,KYOw16714,2,3,0.6372295022010803,,6,6,[]
M11,KYOw16716,1,2,0.7259864807128906,,8,8,[]
M11,KYOw16716,1,3,0.9604511260986328,,8,8,[]
M11,KYOw16716,2,3,0.754176914691925,,8,8,[]
M11,KYOw16719,1,2,0.22954654693603516,,7,8,[]
M11,KYOw16719,1,3,0.8350867033004761,,7,7,[]
M11,KYOw16719,2,3,0.3042231798171997,,8,7,[]
M11,KYOw16737,1,2,0.6460432410240173,,7,8,[]
M11,KYOw16737,1,3,0.9476467967033386,,7,7,[]
M11,KYOw16737,2,3,0.665361762046814,,8,7,[]
M11,KYOw16744,1,2,0.8642037510871887,,8,8,[]
M11,KYOw16744,1,3,0.9538768529891968,,8,8,[]
M11,KYOw16744,2,3,0.8260397911071777,,8,8,[]
M11,KYOw16750,1,2,0.5208534002304077,,6,6,[]
M11,KYOw16750,1,3,0.9624795913696289,,6,6,[]
M11,KYOw16750,2,3,0.5468342304229736,,6,6,[]
