condition,repeat,cluster,pixels,fraction
B0,1,1,874168,0.22401640079441348
B0,1,2,138183,0.03541110897559101
B0,1,3,291914,0.07480658594400666
B0,1,4,137727,0.035294253315394965
B0,1,5,1504091,0.3854419885963226
B0,1,6,134192,0.03438836568646294
B0,1,7,25838,0.006621308219616887
B0,1,8,796137,0.20401998846819142
B0,2,1,135181,0.03464180921263374
B0,2,2,1013157,0.2596340572746492
B0,2,3,172991,0.04433109103722212
B0,2,4,275520,0.07060541995002884
B0,2,5,711363,0.1822955986930617
B0,2,6,106233,0.027223524889486834
B0,2,7,25736,0.006595169453520405
B0,2,8,1462069,0.37467332948939713
B0,3,1,952293,0.24403690178743032
B0,3,2,122628,0.03142494714587738
B0,3,3,1484176,0.3803385226471907
B0,3,4,154963,0.03971119226087513
B0,3,5,744062,0.1906751233262861
B0,3,6,26312,0.006742776603241719
B0,3,7,279792,0.07170017297712858
B0,3,8,138024,0.035370363251970016
B1,1,1,755187,0.19352604266769172
B1,1,2,259086,0.06639400345954258
B1,1,3,627759,0.16087103594080338
B1,1,4,374073,0.09586084950989814
B1,1,5,443588,0.11367493112947659
B1,1,6,159995,0.04100070472163495
B1,1,7,1113482,0.28534358382984176
B1,1,8,169080,0.0433288487411109
B1,2,1,581953,0.1491326798641809
B1,2,2,1169861,0.29979140239605356
B1,2,3,197654,0.05065129092190403
B1,2,4,717025,0.1837465564738292
B1,2,5,461467,0.11825664680632968
B1,2,6,365105,0.09356268819270934
B1,2,7,169919,0.0435438529053751
B1,2,8,239266,0.06131488243961817
B1,3,1,1111735,0.2848958933948363
B1,3,2,627496,0.16080363892626048
B1,3,3,444417,0.11388737266961368
B1,3,4,373949,0.09582907297072202
B1,3,5,160700,0.04118136972259594
B1,3,6,753350,0.1930552886155423
B1,3,7,168774,0.04325043244282145
B1,3,8,261829,0.0670969312576078
A0,1,1,769138,0.19710115958741753
A0,1,2,292980,0.07507976167595617
A0,1,3,962584,0.24667409827663528
A0,1,4,142287,0.03646280991735537
A0,1,5,981675,0.25156640399769364
A0,1,6,305878,0.0783850342750977
A0,1,7,332299,0.08515574348132487
A0,1,8,115409,0.029574988788519444
A0,2,1,104971,0.026900121724646037
A0,2,2,290059,0.07433121916842847
A0,2,3,783334,0.20073906079825743
A0,2,4,116267,0.029794861938625152
A0,2,5,978019,0.25062950861682365
A0,2,6,370814,0.09502569030687424
A0,2,7,82095,0.021037862771477994
A0,2,8,1176691,0.3015416746748671
A0,3,1,396106,0.10150707924915113
A0,3,2,1262576,0.3235507719905183
A0,3,3,742382,0.1902446024729323
A0,3,4,81583,0.020906656416170157
A0,3,5,286206,0.07334384009225448
A0,3,6,942481,0.24152245499391375
A0,3,7,127248,0.032608879492600426
A0,3,8,63668,0.016315715292459478
A1,1,1,1257211,0.32217592414632584
A1,1,2,87090,0.02231789352296752
A1,1,3,272047,0.06971542059068486
A1,1,4,138611,0.03552078928823115
A1,1,5,454767,0.11653968864116855
A1,1,6,976188,0.2501602921391505
A1,1,7,482345,0.12360689345890191
A1,1,8,233991,0.05996309821256967
A1,2,1,138347,0.035453136011275546
A1,2,2,1168857,0.2995341149336921
A1,2,3,88395,0.02265231597155487
A1,2,4,326863,0.08376270100582997
A1,2,5,454866,0.1165650586200269
A1,2,6,1056129,0.2706461656736498
A1,2,7,86168,0.02208161957844833
A1,2,8,582625,0.14930488820552246
A1,3,1,1241473,0.31814286629508615
A1,3,2,1425918,0.3654091870074957
A1,3,3,202248,0.0518285604458966
A1,3,4,98682,0.025288487411108975
A1,3,5,19348,0.004958165161124992
A1,3,6,243360,0.06236402075725543
A1,3,7,478642,0.12265795374463451
A1,3,8,192579,0.04935075917739765
M00,1,1,1317487,0.3376223973348709
M00,1,2,88159,0.022591838042155168
M00,1,3,88912,0.022784803638926262
M00,1,4,139992,0.03587468768018451
M00,1,5,525851,0.13475584598628995
M00,1,6,872624,0.2236207316291883
M00,1,7,585516,0.15004574284066885
M00,1,8,283709,0.07270395284771607
M00,2,1,88425,0.02266000384393619
M00,2,2,1380625,0.35380229354859377
M00,2,3,415266,0.10641706707668652
M00,2,4,140333,0.03596207316291883
M00,2,5,694048,0.17785841501697738
M00,2,6,294423,0.0754495483374976
M00,2,7,8679,0.0022241014799154334
M00,2,8,880451,0.22562649753347427
M00,3,1,567118,0.14533102697161893
M00,3,2,89377,0.022903965660836696
M00,3,3,546231,0.13997847395733232
M00,3,4,87676,0.02246806329681594
M00,3,5,866389,0.2220229354859376
M00,3,6,1320137,0.33830149272855403
M00,3,7,285201,0.0730862963674803
M00,3,8,140121,0.03590774553142418
M11,1,1,1311722,0.3361450445255942
M11,1,2,89709,0.02298904478185662
M11,1,3,86708,0.022220001281312064
M11,1,4,141528,0.036268306746108016
M11,1,5,577150,0.14790185149593182
M11,1,6,469480,0.12031007751937985
M11,1,7,937519,0.2402508809020437
M11,1,8,288434,0.07391479274777372
M11,2,1,66965,0.017160612467166377
M11,2,2,1328412,0.3404220641937344
M11,2,3,379403,0.09722672816964571
M11,2,4,139890,0.03584854891408803
M11,2,5,749686,0.19211634313537063
M11,2,6,272206,0.06975616631430585
M11,2,7,69417,0.017788967903132807
M11,2,8,896271,0.22968056890255623
M11,3,1,473514,0.12134384009225446
M11,3,2,86172,0.022082644628099172
M11,3,3,595420,0.1525837657761548
M11,3,4,90092,0.023087193285924786
M11,3,5,909492,0.23306861426100325
M11,3,6,1328025,0.34032289064001536
M11,3,7,278863,0.07146210519572042
M11,3,8,140672,0.03604894612082773
