condition,metric,total_samples,common_samples,mean,sample_sd,repeat_sd,repeat_1_mean,repeat_2_mean,repeat_3_mean,excluded_sample_ids,mean_undefined_reason
B0,adjusted_lla_3,49,49,0.5453321001156658,0.09451030821746428,0.0014089357227936984,0.544216730764934,0.5469154861508584,0.544864083431205,[],
B0,adjusted_lla_5,49,49,0.4483113541286819,0.09032103358440761,0.0021552772316218664,0.4463685322172788,0.4506297254440736,0.4479358047246933,[],
B0,adjusted_lla_9,49,49,0.3422811968999655,0.07183355091781202,0.002402801087644202,0.34009516269576795,0.34485387406787094,0.3418945539362577,[],
B0,silhouette,49,49,0.3772453211971704,0.054848373106713755,0.0005062498497894127,0.37679316825843495,0.3777922671110268,0.3771505282220495,[],
B0,ari,49,49,0.7982094308146003,0.04401564684485788,,,,,[],
B0,used_clusters,49,49,7.700680272108844,0.477478416999056,0.06234796863885484,7.755102040816326,7.63265306122449,7.714285714285714,[],
B0,k_usage_rate,49,49,0.9625850340136055,0.059684802124882,0.007793496079856855,0.9693877551020408,0.9540816326530612,0.9642857142857143,[],
B0,maximum_occupancy,49,49,0.5007226304943059,0.11799166619838877,0.00318356948051415,0.4975424591375857,0.5039095872518967,0.5007158450934351,[],
B1,adjusted_lla_3,49,49,0.5333981670464585,0.12488398598883833,0.006147426722590339,0.5299012100476087,0.5404963487265061,0.5297969423652608,[],
B1,adjusted_lla_5,49,49,0.45383310834972224,0.11956107430010475,0.00744349526909085,0.4496193635372483,0.46242757567337583,0.4494523858385427,[],
B1,adjusted_lla_9,49,49,0.36112125774173914,0.10554625135077482,0.007915033129495815,0.3566676067872619,0.3702597757991479,0.3564363906388076,[],
B1,silhouette,49,49,0.36046104853190536,0.10890787535398555,0.0013712078570599197,0.3614095248740461,0.35888885523490205,0.3610847654867678,[],
B1,ari,49,49,0.8574792748811294,0.06352506544698669,,,,,[],
B1,used_clusters,49,49,7.727891156462586,1.0599473025592216,0.023565317109780413,7.714285714285714,7.755102040816326,7.714285714285714,[],
B1,k_usage_rate,49,49,0.9659863945578232,0.1324934128199027,0.0029456646387225516,0.9642857142857143,0.9693877551020408,0.9642857142857143,[],
B1,maximum_occupancy,49,49,0.490872409676208,0.1926895630219588,0.0025006239694136258,0.4898096408162798,0.4937288773303129,0.4890787108820312,[],
A0,adjusted_lla_3,49,49,0.34800216271763756,0.11494698737250761,0.014550334858845274,0.3427991468687447,0.3644387244570012,0.3367686168271668,[],
A0,adjusted_lla_5,49,49,0.29944854878446686,0.10508043662434405,0.013387499715568492,0.293758576469762,0.3147411576035071,0.28984591228013135,[],
A0,adjusted_lla_9,49,49,0.23887557896221576,0.08826233736684921,0.010362144844722771,0.2334421634369967,0.2508244339604767,0.2323601394891739,[],
A0,silhouette,49,49,0.31511506522831706,0.11441987124521374,0.05845871825719335,0.27265109888518313,0.29090444270785965,0.38178965409190835,[],
A0,ari,49,49,0.7106034005580306,0.16263346785263993,,,,,[],
A0,used_clusters,49,49,7.666666666666667,0.5,0.2655676366794985,7.938775510204081,7.653061224489796,7.408163265306122,[],
A0,k_usage_rate,49,49,0.9583333333333334,0.0625,0.033195954584937314,0.9923469387755102,0.9566326530612245,0.9260204081632653,[],
A0,maximum_occupancy,49,49,0.5041915401309526,0.15336508629491946,0.008955285598675101,0.4962906077200053,0.5023645855942551,0.5139194270785974,[],
A1,adjusted_lla_3,49,49,0.6086497310878468,0.08533344660530306,0.01973632844418136,0.6060071423345682,0.5903678317459262,0.629574219183046,[],
A1,adjusted_lla_5,49,49,0.5355376581959174,0.09034263833464586,0.020331848671046746,0.530839590393767,0.5179660949780016,0.5578072892159832,[],
A1,adjusted_lla_9,49,49,0.43995661121241897,0.09446498595578433,0.018089704950517205,0.4353941225883912,0.4245849464620863,0.4598907645867795,[],
A1,silhouette,49,49,0.2768899411150804,0.10759578702087201,0.03052965070299565,0.30048404067977585,0.287776551120019,0.24240923154544633,[],
A1,ari,49,49,0.5448866742504698,0.14835015460159837,,,,,[],
A1,used_clusters,49,49,7.129251700680272,0.8574734812080528,0.12301456680289215,7.244897959183674,7.142857142857143,7.0,[],
A1,k_usage_rate,49,49,0.891156462585034,0.1071841851510066,0.015376820850361518,0.9056122448979592,0.8928571428571429,0.875,[],
A1,maximum_occupancy,49,49,0.6142653792488332,0.17034298480989749,0.008843961502034045,0.612371244600841,0.6065219433940187,0.6239029497516398,[],
M00,adjusted_lla_3,49,49,0.6084190069818173,0.10640116861333782,0.005443424969338121,0.6126677174957431,0.602283140834497,0.6103061626152116,[],
M00,adjusted_lla_5,49,49,0.5179739021727828,0.10977418959951432,0.004651663337182604,0.521796566187119,0.5127947877864448,0.5193303525447845,[],
M00,adjusted_lla_9,49,49,0.41147347919794974,0.10019411121953703,0.001286458266262445,0.4129375848843127,0.41052400792131616,0.4109588447882205,[],
M00,silhouette,49,49,0.2109316212284423,0.11175961699796216,0.017803971159808543,0.2222561213373917,0.190410092523202,0.2201286498247332,[],
M00,ari,49,49,0.7692782823123088,0.12113118848597988,,,,,[],
M00,used_clusters,49,49,7.163265306122448,0.8196726113030328,0.141391902658684,7.081632653061225,7.326530612244898,7.081632653061225,[],
M00,k_usage_rate,49,49,0.895408163265306,0.1024590764128791,0.0176739878323355,0.8852040816326531,0.9158163265306123,0.8852040816326531,[],
M00,maximum_occupancy,49,49,0.5974992608942954,0.18045737803356254,0.0058719213195928726,0.5942963611106483,0.6042761851330193,0.5939252364392184,[],
M11,adjusted_lla_3,49,49,0.6157079839787516,0.10207282721599434,0.005272136080467789,0.6193532420664417,0.6096628569826787,0.6181078528871342,[],
M11,adjusted_lla_5,49,49,0.5261617489412528,0.10736784942964506,0.004884920641085516,0.5297155015322627,0.5205913806448177,0.5281783646466781,[],
M11,adjusted_lla_9,49,49,0.4217817367745094,0.10207189423584812,0.0018846196741897406,0.4235887709929019,0.4198280949981845,0.421928344332442,[],
M11,silhouette,49,49,0.21653504078135963,0.10922095378972295,0.014013338768953682,0.22381450243574094,0.20038008954179687,0.22541053036654096,[],
M11,ari,49,49,0.7436492965132202,0.11413248154156436,,,,,[],
M11,used_clusters,49,49,7.115646258503401,0.8937825891705765,0.04248297958094157,7.081632653061225,7.163265306122449,7.1020408163265305,[],
M11,k_usage_rate,49,49,0.8894557823129251,0.11172282364632206,0.005310372447617696,0.8852040816326531,0.8954081632653061,0.8877551020408163,[],
M11,maximum_occupancy,49,49,0.594201536608391,0.18081785072474474,0.010256277127480305,0.5883130127069901,0.6060444043607128,0.5882471927574703,[],
