corpus,condition,seed,ACC,NMI,AMI,pretrain_source_sha256,train_count,test_count,epochs,batch_size,batches_per_epoch,attempted_updates,optimizer_updates,amp_skips,checkpoint,checkpoint_sha256
bacteria4,M00,0,90.8125,79.81396888515876,79.76378539671623,38ec7174b2950315c740ab9936b6aa50f8b972d30bc7d818ae41a065040592fe,6400,1600,800,1024,6,4800,4800,0,C:\Users\PC_User\Python\WoodDegradationMap\outputs\experiments\bacteria_id_table4_80_20_v1\checkpoints\pretrain\bacteria4\M00\seed_0\last_model.pt,8305154ed879894d1a0f7201a40124a40f1d99e26217675cffafeafdec1e3796
bacteria4,M00,1,90.75,79.70660954567921,79.66226657117011,b24c9622a91ddf02c39e7f9103133f440d4356b1037b2ef78063cd879c6079ab,6400,1600,800,1024,6,4800,4800,0,C:\Users\PC_User\Python\WoodDegradationMap\outputs\experiments\bacteria_id_table4_80_20_v1\checkpoints\pretrain\bacteria4\M00\seed_1\last_model.pt,5e33b3fb35b479f3307a51ad3518ced599702c8b191041d5a2ae590703852466
bacteria4,M00,2,89.6875,78.71250109576468,78.60260597451067,b24c9622a91ddf02c39e7f9103133f440d4356b1037b2ef78063cd879c6079ab,6400,1600,800,1024,6,4800,4800,0,C:\Users\PC_User\Python\WoodDegradationMap\outputs\experiments\bacteria_id_table4_80_20_v1\checkpoints\pretrain\bacteria4\M00\seed_2\last_model.pt,8849205e0b37d38bf21c7ae7cbaa5beb6f9f8bfc0a064cca44e9fd9d1d900491
bacteria4,M00,3,68.0625,77.37002662928303,71.72632909817553,b24c9622a91ddf02c39e7f9103133f440d4356b1037b2ef78063cd879c6079ab,6400,1600,800,1024,6,4800,4800,0,C:\Users\PC_User\Python\WoodDegradationMap\outputs\experiments\bacteria_id_table4_80_20_v1\checkpoints\pretrain\bacteria4\M00\seed_3\last_model.pt,4c87eabffe15647215da9f162983db2a69cc9c2db3ee091764da06b93a92c544
bacteria4,M00,4,67.375,76.87898725297319,71.47951763122458,b24c9622a91ddf02c39e7f9103133f440d4356b1037b2ef78063cd879c6079ab,6400,1600,800,1024,6,4800,4800,0,C:\Users\PC_User\Python\WoodDegradationMap\outputs\experiments\bacteria_id_table4_80_20_v1\checkpoints\pretrain\bacteria4\M00\seed_4\last_model.pt,29f27be1bc6bd4f8a01ac74d1bb279a94a09057f85537928b9d547b2936a0625
bacteria4,M11,0,64.125,76.62470120175819,71.63178903130668,b24c9622a91ddf02c39e7f9103133f440d4356b1037b2ef78063cd879c6079ab,6400,1600,800,1024,6,4800,4800,0,C:\Users\PC_User\Python\WoodDegradationMap\outputs\experiments\bacteria_id_table4_80_20_v1\checkpoints\pretrain\bacteria4\M11\seed_0\last_model.pt,d670ffdc041e9b877e326aae07a8fa0140a21b69edd690658f6d5dfefeed84e4
bacteria4,M11,1,95.9375,87.79867653689824,87.7702699300218,b24c9622a91ddf02c39e7f9103133f440d4356b1037b2ef78063cd879c6079ab,6400,1600,800,1024,6,4800,4800,0,C:\Users\PC_User\Python\WoodDegradationMap\outputs\experiments\bacteria_id_table4_80_20_v1\checkpoints\pretrain\bacteria4\M11\seed_1\last_model.pt,4d79613ca02e507eca36a447dee2ffcc7021f4e40fd8d9b167fa9cba840a7264
bacteria4,M11,2,96.25,88.3053719859985,88.2796850056596,b24c9622a91ddf02c39e7f9103133f440d4356b1037b2ef78063cd879c6079ab,6400,1600,800,1024,6,4800,4800,0,C:\Users\PC_User\Python\WoodDegradationMap\outputs\experiments\bacteria_id_table4_80_20_v1\checkpoints\pretrain\bacteria4\M11\seed_2\last_model.pt,04be2f3001027805c8fd009990314f130234767da8dadba5a57cb3518f0503bb
bacteria4,M11,3,68.3125,78.08596796355121,72.35737138402321,b24c9622a91ddf02c39e7f9103133f440d4356b1037b2ef78063cd879c6079ab,6400,1600,800,1024,6,4800,4800,0,C:\Users\PC_User\Python\WoodDegradationMap\outputs\experiments\bacteria_id_table4_80_20_v1\checkpoints\pretrain\bacteria4\M11\seed_3\last_model.pt,37550340438f22f4ca6c41ddeaa07d599165e52d0edf764d14e4860e7e1e5f32
bacteria4,M11,4,67.375,77.49774213478723,72.0762852447622,b24c9622a91ddf02c39e7f9103133f440d4356b1037b2ef78063cd879c6079ab,6400,1600,800,1024,6,4800,4800,0,C:\Users\PC_User\Python\WoodDegradationMap\outputs\experiments\bacteria_id_table4_80_20_v1\checkpoints\pretrain\bacteria4\M11\seed_4\last_model.pt,22cc0e61f1607f891200fb9ee0c401021ff3a0d3ce2904329576f5c603c26c3e
bacteria6,M00,0,71.5,69.45552011877186,67.10551716222668,b24c9622a91ddf02c39e7f9103133f440d4356b1037b2ef78063cd879c6079ab,9600,2400,800,1024,9,7200,7200,0,C:\Users\PC_User\Python\WoodDegradationMap\outputs\experiments\bacteria_id_table4_80_20_v1\checkpoints\pretrain\bacteria6\M00\seed_0\last_model.pt,3620dafe45fed070f6c67953d79bae3128f4546f1ababb33749d24b9a972c333
bacteria6,M00,1,74.58333333333333,72.97879082899343,72.5478963641761,b24c9622a91ddf02c39e7f9103133f440d4356b1037b2ef78063cd879c6079ab,9600,2400,800,1024,9,7200,7200,0,C:\Users\PC_User\Python\WoodDegradationMap\outputs\experiments\bacteria_id_table4_80_20_v1\checkpoints\pretrain\bacteria6\M00\seed_1\last_model.pt,9c39b6105899d98a90e98be1458bdd65ff6c2a1fc0a6713cb686047549d2eef2
bacteria6,M00,2,86.45833333333333,78.85534245997997,78.55761372831888,b24c9622a91ddf02c39e7f9103133f440d4356b1037b2ef78063cd879c6079ab,9600,2400,800,1024,9,7200,7200,0,C:\Users\PC_User\Python\WoodDegradationMap\outputs\experiments\bacteria_id_table4_80_20_v1\checkpoints\pretrain\bacteria6\M00\seed_2\last_model.pt,c8f0b093c57cd4c4c15ef5970641817721d3234fb7f50f7acdd4c9af750c52e5
bacteria6,M00,3,89.91666666666667,81.18928841465166,81.09721846653049,b24c9622a91ddf02c39e7f9103133f440d4356b1037b2ef78063cd879c6079ab,9600,2400,800,1024,9,7200,7200,0,C:\Users\PC_User\Python\WoodDegradationMap\outputs\experiments\bacteria_id_table4_80_20_v1\checkpoints\pretrain\bacteria6\M00\seed_3\last_model.pt,dd0c8f01c47047d7ca63ae0b1ee78a5933dadf3da2c56ca7979df83a4bbc5d4c
bacteria6,M00,4,90.54166666666667,81.99077685163155,81.92563424297613,b24c9622a91ddf02c39e7f9103133f440d4356b1037b2ef78063cd879c6079ab,9600,2400,800,1024,9,7200,7200,0,C:\Users\PC_User\Python\WoodDegradationMap\outputs\experiments\bacteria_id_table4_80_20_v1\checkpoints\pretrain\bacteria6\M00\seed_4\last_model.pt,150ca8f784e3cb8c636bca5739378d3b4a8e9233bb6e8388110f12dc0ee713ea
bacteria6,M11,0,72.375,75.49999871356417,73.63400301840632,b24c9622a91ddf02c39e7f9103133f440d4356b1037b2ef78063cd879c6079ab,9600,2400,800,1024,9,7200,7200,0,C:\Users\PC_User\Python\WoodDegradationMap\outputs\experiments\bacteria_id_table4_80_20_v1\checkpoints\pretrain\bacteria6\M11\seed_0\last_model.pt,ba1cc013e777286e02f801ae87fc3ede7120132632509be4a9dd75aca2f3243d
bacteria6,M11,1,94.20833333333333,87.01687335007327,86.95991614171112,b24c9622a91ddf02c39e7f9103133f440d4356b1037b2ef78063cd879c6079ab,9600,2400,800,1024,9,7200,7200,0,C:\Users\PC_User\Python\WoodDegradationMap\outputs\experiments\bacteria_id_table4_80_20_v1\checkpoints\pretrain\bacteria6\M11\seed_1\last_model.pt,697b863cda459969bde351ecd5b3fa95ea3642625ce334558c39090cb2a35208
bacteria6,M11,2,72.66666666666667,74.56081046200362,72.58411394839115,b24c9622a91ddf02c39e7f9103133f440d4356b1037b2ef78063cd879c6079ab,9600,2400,800,1024,9,7200,7200,0,C:\Users\PC_User\Python\WoodDegradationMap\outputs\experiments\bacteria_id_table4_80_20_v1\checkpoints\pretrain\bacteria6\M11\seed_2\last_model.pt,25078b9a57251ab01bf307e4371313bb9a3204c7653d58aafb02810293e6bce8
bacteria6,M11,3,93.16666666666667,85.09628568595272,85.00485819456298,b24c9622a91ddf02c39e7f9103133f440d4356b1037b2ef78063cd879c6079ab,9600,2400,800,1024,9,7200,7200,0,C:\Users\PC_User\Python\WoodDegradationMap\outputs\experiments\bacteria_id_table4_80_20_v1\checkpoints\pretrain\bacteria6\M11\seed_3\last_model.pt,1ebbb9a12ed504859889690bca037b1320b13c4959e44234eea8e2262f968907
bacteria6,M11,4,74.70833333333333,80.75853007670398,78.09225221070358,b24c9622a91ddf02c39e7f9103133f440d4356b1037b2ef78063cd879c6079ab,9600,2400,800,1024,9,7200,7200,0,C:\Users\PC_User\Python\WoodDegradationMap\outputs\experiments\bacteria_id_table4_80_20_v1\checkpoints\pretrain\bacteria6\M11\seed_4\last_model.pt,51665c6c665474bfb272df05b123dc34e54e9a0df1a8020a201e6423d12f3835
