fold,repeat,k,reference,target,b1_raw_id,b0_display_id,overlap_pixels,zero_overlap,fold_valid_pixels,fold_overlap_fraction,fold_sample_ids,overlap_b0_id_1,overlap_b0_id_2,overlap_b0_id_3,overlap_b0_id_4,overlap_b0_id_5,overlap_b0_id_6,overlap_b0_id_7,overlap_b0_id_8,a0_raw_id,m00_raw_id
1,1,8,B0,B1,8.0,1,187258,False,906428,0.5178138804185219,"[""KYOw02707"", ""KYOw02720"", ""KYOw02751"", ""KYOw02752"", ""KYOw02766"", ""KYOw02769"", ""KYOw02774"", ""KYOw02775"", ""KYOw02776"", ""KYOw16719""]",187258,0,19148,0,154,0,5,2,,
1,1,8,B0,B1,2.0,2,0,True,906428,0.5178138804185219,"[""KYOw02707"", ""KYOw02720"", ""KYOw02751"", ""KYOw02752"", ""KYOw02766"", ""KYOw02769"", ""KYOw02774"", ""KYOw02775"", ""KYOw02776"", ""KYOw16719""]",40882,0,46,0,7016,0,0,0,,
1,1,8,B0,B1,3.0,3,166121,False,906428,0.5178138804185219,"[""KYOw02707"", ""KYOw02720"", ""KYOw02751"", ""KYOw02752"", ""KYOw02766"", ""KYOw02769"", ""KYOw02774"", ""KYOw02775"", ""KYOw02776"", ""KYOw16719""]",106877,0,166121,0,0,0,6531,0,,
1,1,8,B0,B1,4.0,4,0,True,906428,0.5178138804185219,"[""KYOw02707"", ""KYOw02720"", ""KYOw02751"", ""KYOw02752"", ""KYOw02766"", ""KYOw02769"", ""KYOw02774"", ""KYOw02775"", ""KYOw02776"", ""KYOw16719""]",73672,0,0,0,64939,0,0,0,,
1,1,8,B0,B1,5.0,5,78167,False,906428,0.5178138804185219,"[""KYOw02707"", ""KYOw02720"", ""KYOw02751"", ""KYOw02752"", ""KYOw02766"", ""KYOw02769"", ""KYOw02774"", ""KYOw02775"", ""KYOw02776"", ""KYOw16719""]",0,0,0,7456,78167,18138,0,258,,
1,1,8,B0,B1,6.0,6,37814,False,906428,0.5178138804185219,"[""KYOw02707"", ""KYOw02720"", ""KYOw02751"", ""KYOw02752"", ""KYOw02766"", ""KYOw02769"", ""KYOw02774"", ""KYOw02775"", ""KYOw02776"", ""KYOw16719""]",40,2295,0,22466,30284,37814,0,2997,,
1,1,8,B0,B1,7.0,7,1,False,906428,0.5178138804185219,"[""KYOw02707"", ""KYOw02720"", ""KYOw02751"", ""KYOw02752"", ""KYOw02766"", ""KYOw02769"", ""KYOw02774"", ""KYOw02775"", ""KYOw02776"", ""KYOw16719""]",12406,0,4334,0,2557,13,1,0,,
1,1,8,B0,B1,1.0,8,0,True,906428,0.5178138804185219,"[""KYOw02707"", ""KYOw02720"", ""KYOw02751"", ""KYOw02752"", ""KYOw02766"", ""KYOw02769"", ""KYOw02774"", ""KYOw02775"", ""KYOw02776"", ""KYOw16719""]",0,0,0,0,14349,202,0,0,,
2,1,8,B0,B1,2.0,1,13131,False,781665,0.4645890502964825,"[""KYOw02754"", ""KYOw02762"", ""KYOw02763"", ""KYOw02764"", ""KYOw02770"", ""KYOw02771"", ""KYOw02789"", ""KYOw16714"", ""KYOw16716"", ""KYOw16750""]",13131,0,0,18253,0,12169,0,0,,
2,1,8,B0,B1,6.0,2,20203,False,781665,0.4645890502964825,"[""KYOw02754"", ""KYOw02762"", ""KYOw02763"", ""KYOw02764"", ""KYOw02770"", ""KYOw02771"", ""KYOw02789"", ""KYOw16714"", ""KYOw16716"", ""KYOw16750""]",0,20203,1880,43,0,10036,6328,2473,,
2,1,8,B0,B1,3.0,3,11374,False,781665,0.4645890502964825,"[""KYOw02754"", ""KYOw02762"", ""KYOw02763"", ""KYOw02764"", ""KYOw02770"", ""KYOw02771"", ""KYOw02789"", ""KYOw16714"", ""KYOw16716"", ""KYOw16750""]",0,122,11374,0,0,33295,0,2,,
2,1,8,B0,B1,1.0,4,160367,False,781665,0.4645890502964825,"[""KYOw02754"", ""KYOw02762"", ""KYOw02763"", ""KYOw02764"", ""KYOw02770"", ""KYOw02771"", ""KYOw02789"", ""KYOw16714"", ""KYOw16716"", ""KYOw16750""]",130535,0,0,160367,0,17506,0,0,,
2,1,8,B0,B1,4.0,5,0,True,781665,0.4645890502964825,"[""KYOw02754"", ""KYOw02762"", ""KYOw02763"", ""KYOw02764"", ""KYOw02770"", ""KYOw02771"", ""KYOw02789"", ""KYOw16714"", ""KYOw16716"", ""KYOw16750""]",3102,0,3,15656,0,14458,0,0,,
2,1,8,B0,B1,8.0,6,86333,False,781665,0.4645890502964825,"[""KYOw02754"", ""KYOw02762"", ""KYOw02763"", ""KYOw02764"", ""KYOw02770"", ""KYOw02771"", ""KYOw02789"", ""KYOw16714"", ""KYOw16716"", ""KYOw16750""]",1,0,0,32718,0,86333,0,0,,
2,1,8,B0,B1,5.0,7,223,False,781665,0.4645890502964825,"[""KYOw02754"", ""KYOw02762"", ""KYOw02763"", ""KYOw02764"", ""KYOw02770"", ""KYOw02771"", ""KYOw02789"", ""KYOw16714"", ""KYOw16716"", ""KYOw16750""]",0,0,7812,0,0,19509,223,0,,
2,1,8,B0,B1,7.0,8,71522,False,781665,0.4645890502964825,"[""KYOw02754"", ""KYOw02762"", ""KYOw02763"", ""KYOw02764"", ""KYOw02770"", ""KYOw02771"", ""KYOw02789"", ""KYOw16714"", ""KYOw16716"", ""KYOw16750""]",0,42424,32910,0,1995,3205,12077,71522,,
3,1,8,B0,B1,2.0,1,159596,False,667682,0.49274055613300943,"[""KYOw02715"", ""KYOw02716"", ""KYOw02717"", ""KYOw02756"", ""KYOw02758"", ""KYOw02760"", ""KYOw02780"", ""KYOw02784"", ""KYOw02790"", ""KYOw16702""]",159596,0,6748,14,0,0,0,0,,
3,1,8,B0,B1,5.0,2,4209,False,667682,0.49274055613300943,"[""KYOw02715"", ""KYOw02716"", ""KYOw02717"", ""KYOw02756"", ""KYOw02758"", ""KYOw02760"", ""KYOw02780"", ""KYOw02784"", ""KYOw02790"", ""KYOw16702""]",2,4209,0,0,55464,0,4981,512,,
3,1,8,B0,B1,8.0,3,83787,False,667682,0.49274055613300943,"[""KYOw02715"", ""KYOw02716"", ""KYOw02717"", ""KYOw02756"", ""KYOw02758"", ""KYOw02760"", ""KYOw02780"", ""KYOw02784"", ""KYOw02790"", ""KYOw16702""]",56817,0,83787,3817,0,0,0,0,,
3,1,8,B0,B1,3.0,4,0,True,667682,0.49274055613300943,"[""KYOw02715"", ""KYOw02716"", ""KYOw02717"", ""KYOw02756"", ""KYOw02758"", ""KYOw02760"", ""KYOw02780"", ""KYOw02784"", ""KYOw02790"", ""KYOw16702""]",53165,0,0,0,27919,0,0,0,,
3,1,8,B0,B1,6.0,5,56404,False,667682,0.49274055613300943,"[""KYOw02715"", ""KYOw02716"", ""KYOw02717"", ""KYOw02756"", ""KYOw02758"", ""KYOw02760"", ""KYOw02780"", ""KYOw02784"", ""KYOw02790"", ""KYOw16702""]",11314,0,0,0,56404,0,105,0,,
3,1,8,B0,B1,1.0,6,0,True,667682,0.49274055613300943,"[""KYOw02715"", ""KYOw02716"", ""KYOw02717"", ""KYOw02756"", ""KYOw02758"", ""KYOw02760"", ""KYOw02780"", ""KYOw02784"", ""KYOw02790"", ""KYOw16702""]",53433,0,1620,0,10,0,0,0,,
3,1,8,B0,B1,4.0,7,24998,False,667682,0.49274055613300943,"[""KYOw02715"", ""KYOw02716"", ""KYOw02717"", ""KYOw02756"", ""KYOw02758"", ""KYOw02760"", ""KYOw02780"", ""KYOw02784"", ""KYOw02790"", ""KYOw16702""]",0,10528,0,0,27917,1837,24998,3086,,
3,1,8,B0,B1,7.0,8,0,True,667682,0.49274055613300943,"[""KYOw02715"", ""KYOw02716"", ""KYOw02717"", ""KYOw02756"", ""KYOw02758"", ""KYOw02760"", ""KYOw02780"", ""KYOw02784"", ""KYOw02790"", ""KYOw16702""]",14497,0,199,0,4175,0,528,0,,
4,1,8,B0,B1,4.0,1,79435,False,750105,0.4734390518660721,"[""KYOw02702"", ""KYOw02708"", ""KYOw02768"", ""KYOw02772"", ""KYOw02787"", ""KYOw16662"", ""KYOw16666"", ""KYOw16700"", ""KYOw16737"", ""KYOw16744""]",79435,0,0,21446,0,0,18,0,,
4,1,8,B0,B1,1.0,2,0,True,750105,0.4734390518660721,"[""KYOw02702"", ""KYOw02708"", ""KYOw02768"", ""KYOw02772"", ""KYOw02787"", ""KYOw16662"", ""KYOw16666"", ""KYOw16700"", ""KYOw16737"", ""KYOw16744""]",30304,0,0,0,0,11998,0,0,,
4,1,8,B0,B1,3.0,3,32028,False,750105,0.4734390518660721,"[""KYOw02702"", ""KYOw02708"", ""KYOw02768"", ""KYOw02772"", ""KYOw02787"", ""KYOw16662"", ""KYOw16666"", ""KYOw16700"", ""KYOw16737"", ""KYOw16744""]",2673,806,32028,0,7768,37544,0,7209,,
4,1,8,B0,B1,6.0,4,191846,False,750105,0.4734390518660721,"[""KYOw02702"", ""KYOw02708"", ""KYOw02768"", ""KYOw02772"", ""KYOw02787"", ""KYOw16662"", ""KYOw16666"", ""KYOw16700"", ""KYOw16737"", ""KYOw16744""]",106350,0,0,191846,0,0,7347,0,,
4,1,8,B0,B1,2.0,5,7,False,750105,0.4734390518660721,"[""KYOw02702"", ""KYOw02708"", ""KYOw02768"", ""KYOw02772"", ""KYOw02787"", ""KYOw16662"", ""KYOw16666"", ""KYOw16700"", ""KYOw16737"", ""KYOw16744""]",9546,0,35,0,7,18585,0,0,,
4,1,8,B0,B1,5.0,6,51813,False,750105,0.4734390518660721,"[""KYOw02702"", ""KYOw02708"", ""KYOw02768"", ""KYOw02772"", ""KYOw02787"", ""KYOw16662"", ""KYOw16666"", ""KYOw16700"", ""KYOw16737"", ""KYOw16744""]",94,6764,17754,0,16530,51813,0,1112,,
4,1,8,B0,B1,7.0,7,0,True,750105,0.4734390518660721,"[""KYOw02702"", ""KYOw02708"", ""KYOw02768"", ""KYOw02772"", ""KYOw02787"", ""KYOw16662"", ""KYOw16666"", ""KYOw16700"", ""KYOw16737"", ""KYOw16744""]",44129,0,2,9403,0,1751,0,0,,
4,1,8,B0,B1,8.0,8,0,True,750105,0.4734390518660721,"[""KYOw02702"", ""KYOw02708"", ""KYOw02768"", ""KYOw02772"", ""KYOw02787"", ""KYOw16662"", ""KYOw16666"", ""KYOw16700"", ""KYOw16737"", ""KYOw16744""]",35797,0,0,9,0,2,0,0,,
5,1,8,B0,B1,1.0,1,81787,False,796370,0.5477152579830983,"[""KYOw02709"", ""KYOw02719"", ""KYOw02759"", ""KYOw02767"", ""KYOw02773"", ""KYOw02777"", ""KYOw02783"", ""KYOw02788"", ""KYOw16711""]",81787,10,4807,430,12658,21183,0,0,,
5,1,8,B0,B1,7.0,2,113664,False,796370,0.5477152579830983,"[""KYOw02709"", ""KYOw02719"", ""KYOw02759"", ""KYOw02767"", ""KYOw02773"", ""KYOw02777"", ""KYOw02783"", ""KYOw02788"", ""KYOw16711""]",0,113664,0,0,0,35,37,23094,,
5,1,8,B0,B1,2.0,3,0,True,796370,0.5477152579830983,"[""KYOw02709"", ""KYOw02719"", ""KYOw02759"", ""KYOw02767"", ""KYOw02773"", ""KYOw02777"", ""KYOw02783"", ""KYOw02788"", ""KYOw16711""]",0,63296,0,0,0,2983,0,4,,
5,1,8,B0,B1,5.0,4,0,True,796370,0.5477152579830983,"[""KYOw02709"", ""KYOw02719"", ""KYOw02759"", ""KYOw02767"", ""KYOw02773"", ""KYOw02777"", ""KYOw02783"", ""KYOw02788"", ""KYOw16711""]",4,6847,0,0,0,18430,0,0,,
5,1,8,B0,B1,3.0,5,23541,False,796370,0.5477152579830983,"[""KYOw02709"", ""KYOw02719"", ""KYOw02759"", ""KYOw02767"", ""KYOw02773"", ""KYOw02777"", ""KYOw02783"", ""KYOw02788"", ""KYOw16711""]",57075,0,1033,4532,23541,68464,0,0,,
5,1,8,B0,B1,4.0,6,102814,False,796370,0.5477152579830983,"[""KYOw02709"", ""KYOw02719"", ""KYOw02759"", ""KYOw02767"", ""KYOw02773"", ""KYOw02777"", ""KYOw02783"", ""KYOw02788"", ""KYOw16711""]",210,1533,0,0,2,102814,0,0,,
5,1,8,B0,B1,6.0,7,4,False,796370,0.5477152579830983,"[""KYOw02709"", ""KYOw02719"", ""KYOw02759"", ""KYOw02767"", ""KYOw02773"", ""KYOw02777"", ""KYOw02783"", ""KYOw02788"", ""KYOw16711""]",0,15816,0,0,0,2142,4,9318,,
5,1,8,B0,B1,8.0,8,114374,False,796370,0.5477152579830983,"[""KYOw02709"", ""KYOw02719"", ""KYOw02759"", ""KYOw02767"", ""KYOw02773"", ""KYOw02777"", ""KYOw02783"", ""KYOw02788"", ""KYOw16711""]",0,36874,0,0,0,0,9369,114374,,
1,1,8,B0,A0,,1,239539,False,906428,0.496524820504221,"[""KYOw02707"", ""KYOw02720"", ""KYOw02751"", ""KYOw02752"", ""KYOw02766"", ""KYOw02769"", ""KYOw02774"", ""KYOw02775"", ""KYOw02776"", ""KYOw16719""]",239539,0,55332,5,68368,3534,0,0,8.0,
1,1,8,B0,A0,,2,1261,False,906428,0.496524820504221,"[""KYOw02707"", ""KYOw02720"", ""KYOw02751"", ""KYOw02752"", ""KYOw02766"", ""KYOw02769"", ""KYOw02774"", ""KYOw02775"", ""KYOw02776"", ""KYOw16719""]",0,1261,0,610,0,513,0,250,4.0,
1,1,8,B0,A0,,3,81678,False,906428,0.496524820504221,"[""KYOw02707"", ""KYOw02720"", ""KYOw02751"", ""KYOw02752"", ""KYOw02766"", ""KYOw02769"", ""KYOw02774"", ""KYOw02775"", ""KYOw02776"", ""KYOw16719""]",5336,0,81678,0,251,47,2626,2,3.0,
1,1,8,B0,A0,,4,8786,False,906428,0.496524820504221,"[""KYOw02707"", ""KYOw02720"", ""KYOw02751"", ""KYOw02752"", ""KYOw02766"", ""KYOw02769"", ""KYOw02774"", ""KYOw02775"", ""KYOw02776"", ""KYOw16719""]",0,956,0,8786,5,292,0,2986,2.0,
1,1,8,B0,A0,,5,82624,False,906428,0.496524820504221,"[""KYOw02707"", ""KYOw02720"", ""KYOw02751"", ""KYOw02752"", ""KYOw02766"", ""KYOw02769"", ""KYOw02774"", ""KYOw02775"", ""KYOw02776"", ""KYOw16719""]",52110,0,677,3807,82624,18401,0,10,1.0,
1,1,8,B0,A0,,6,32265,False,906428,0.496524820504221,"[""KYOw02707"", ""KYOw02720"", ""KYOw02751"", ""KYOw02752"", ""KYOw02766"", ""KYOw02769"", ""KYOw02774"", ""KYOw02775"", ""KYOw02776"", ""KYOw16719""]",1,78,0,16713,6242,32265,0,7,6.0,
1,1,8,B0,A0,,7,3911,False,906428,0.496524820504221,"[""KYOw02707"", ""KYOw02720"", ""KYOw02751"", ""KYOw02752"", ""KYOw02766"", ""KYOw02769"", ""KYOw02774"", ""KYOw02775"", ""KYOw02776"", ""KYOw16719""]",135,0,2296,1,14,0,3911,2,7.0,
1,1,8,B0,A0,,8,0,True,906428,0.496524820504221,"[""KYOw02707"", ""KYOw02720"", ""KYOw02751"", ""KYOw02752"", ""KYOw02766"", ""KYOw02769"", ""KYOw02774"", ""KYOw02775"", ""KYOw02776"", ""KYOw16719""]",124014,0,49666,0,39962,1115,0,0,5.0,
2,1,8,B0,A0,,1,79924,False,781665,0.48947311188296777,"[""KYOw02754"", ""KYOw02762"", ""KYOw02763"", ""KYOw02764"", ""KYOw02770"", ""KYOw02771"", ""KYOw02789"", ""KYOw16714"", ""KYOw16716"", ""KYOw16750""]",79924,66,676,18438,0,3097,22,0,2.0,
2,1,8,B0,A0,,2,3852,False,781665,0.48947311188296777,"[""KYOw02754"", ""KYOw02762"", ""KYOw02763"", ""KYOw02764"", ""KYOw02770"", ""KYOw02771"", ""KYOw02789"", ""KYOw16714"", ""KYOw16716"", ""KYOw16750""]",0,3852,31,0,1090,0,2,3977,8.0,
2,1,8,B0,A0,,3,16134,False,781665,0.48947311188296777,"[""KYOw02754"", ""KYOw02762"", ""KYOw02763"", ""KYOw02764"", ""KYOw02770"", ""KYOw02771"", ""KYOw02789"", ""KYOw16714"", ""KYOw16716"", ""KYOw16750""]",616,17,16134,51372,0,59140,217,0,6.0,
2,1,8,B0,A0,,4,71168,False,781665,0.48947311188296777,"[""KYOw02754"", ""KYOw02762"", ""KYOw02763"", ""KYOw02764"", ""KYOw02770"", ""KYOw02771"", ""KYOw02789"", ""KYOw16714"", ""KYOw16716"", ""KYOw16750""]",66077,0,0,71168,0,2746,2,0,1.0,
2,1,8,B0,A0,,5,245,False,781665,0.48947311188296777,"[""KYOw02754"", ""KYOw02762"", ""KYOw02763"", ""KYOw02764"", ""KYOw02770"", ""KYOw02771"", ""KYOw02789"", ""KYOw16714"", ""KYOw16716"", ""KYOw16750""]",0,650,0,0,245,0,271,507,3.0,
2,1,8,B0,A0,,6,128634,False,781665,0.48947311188296777,"[""KYOw02754"", ""KYOw02762"", ""KYOw02763"", ""KYOw02764"", ""KYOw02770"", ""KYOw02771"", ""KYOw02789"", ""KYOw16714"", ""KYOw16716"", ""KYOw16750""]",6,214,24287,85205,0,128634,18,1,4.0,
2,1,8,B0,A0,,7,16606,False,781665,0.48947311188296777,"[""KYOw02754"", ""KYOw02762"", ""KYOw02763"", ""KYOw02764"", ""KYOw02770"", ""KYOw02771"", ""KYOw02789"", ""KYOw16714"", ""KYOw16716"", ""KYOw16750""]",4,12895,12022,6,0,1668,16606,3471,7.0,
2,1,8,B0,A0,,8,66041,False,781665,0.48947311188296777,"[""KYOw02754"", ""KYOw02762"", ""KYOw02763"", ""KYOw02764"", ""KYOw02770"", ""KYOw02771"", ""KYOw02789"", ""KYOw16714"", ""KYOw16716"", ""KYOw16750""]",142,45055,829,848,660,1226,1490,66041,5.0,
3,1,8,B0,A0,,1,99850,False,667682,0.404721109749851,"[""KYOw02715"", ""KYOw02716"", ""KYOw02717"", ""KYOw02756"", ""KYOw02758"", ""KYOw02760"", ""KYOw02780"", ""KYOw02784"", ""KYOw02790"", ""KYOw16702""]",99850,0,31357,255,48124,0,165,0,2.0,
3,1,8,B0,A0,,2,119,False,667682,0.404721109749851,"[""KYOw02715"", ""KYOw02716"", ""KYOw02717"", ""KYOw02756"", ""KYOw02758"", ""KYOw02760"", ""KYOw02780"", ""KYOw02784"", ""KYOw02790"", ""KYOw16702""]",0,119,0,0,4,23,37,0,7.0,
3,1,8,B0,A0,,3,49865,False,667682,0.404721109749851,"[""KYOw02715"", ""KYOw02716"", ""KYOw02717"", ""KYOw02756"", ""KYOw02758"", ""KYOw02760"", ""KYOw02780"", ""KYOw02784"", ""KYOw02790"", ""KYOw16702""]",105999,0,49865,2286,1637,0,6,0,4.0,
3,1,8,B0,A0,,4,1290,False,667682,0.404721109749851,"[""KYOw02715"", ""KYOw02716"", ""KYOw02717"", ""KYOw02756"", ""KYOw02758"", ""KYOw02760"", ""KYOw02780"", ""KYOw02784"", ""KYOw02790"", ""KYOw16702""]",85301,49,11115,1290,19579,1,140,17,1.0,
3,1,8,B0,A0,,5,100260,False,667682,0.404721109749851,"[""KYOw02715"", ""KYOw02716"", ""KYOw02717"", ""KYOw02756"", ""KYOw02758"", ""KYOw02760"", ""KYOw02780"", ""KYOw02784"", ""KYOw02790"", ""KYOw16702""]",57480,3921,0,0,100260,0,14873,3,3.0,
3,1,8,B0,A0,,6,282,False,667682,0.404721109749851,"[""KYOw02715"", ""KYOw02716"", ""KYOw02717"", ""KYOw02756"", ""KYOw02758"", ""KYOw02760"", ""KYOw02780"", ""KYOw02784"", ""KYOw02790"", ""KYOw16702""]",1,1,5,0,0,282,154,243,5.0,
3,1,8,B0,A0,,7,15226,False,667682,0.404721109749851,"[""KYOw02715"", ""KYOw02716"", ""KYOw02717"", ""KYOw02756"", ""KYOw02758"", ""KYOw02760"", ""KYOw02780"", ""KYOw02784"", ""KYOw02790"", ""KYOw16702""]",193,7452,12,0,2279,831,15226,2,6.0,
3,1,8,B0,A0,,8,3333,False,667682,0.404721109749851,"[""KYOw02715"", ""KYOw02716"", ""KYOw02717"", ""KYOw02756"", ""KYOw02758"", ""KYOw02760"", ""KYOw02780"", ""KYOw02784"", ""KYOw02790"", ""KYOw16702""]",0,3195,0,0,6,700,11,3333,8.0,
4,1,8,B0,A0,,1,109112,False,750105,0.40208770772091906,"[""KYOw02702"", ""KYOw02708"", ""KYOw02768"", ""KYOw02772"", ""KYOw02787"", ""KYOw16662"", ""KYOw16666"", ""KYOw16700"", ""KYOw16737"", ""KYOw16744""]",109112,4,1535,22936,146,30600,0,4,4.0,
4,1,8,B0,A0,,2,5616,False,750105,0.40208770772091906,"[""KYOw02702"", ""KYOw02708"", ""KYOw02768"", ""KYOw02772"", ""KYOw02787"", ""KYOw16662"", ""KYOw16666"", ""KYOw16700"", ""KYOw16737"", ""KYOw16744""]",0,5616,1290,0,10202,21,0,2239,3.0,
4,1,8,B0,A0,,3,20046,False,750105,0.40208770772091906,"[""KYOw02702"", ""KYOw02708"", ""KYOw02768"", ""KYOw02772"", ""KYOw02787"", ""KYOw16662"", ""KYOw16666"", ""KYOw16700"", ""KYOw16737"", ""KYOw16744""]",47058,0,20046,11,2697,43621,0,0,1.0,
4,1,8,B0,A0,,4,110895,False,750105,0.40208770772091906,"[""KYOw02702"", ""KYOw02708"", ""KYOw02768"", ""KYOw02772"", ""KYOw02787"", ""KYOw16662"", ""KYOw16666"", ""KYOw16700"", ""KYOw16737"", ""KYOw16744""]",34528,0,533,110895,0,1475,4053,0,6.0,
4,1,8,B0,A0,,5,9007,False,750105,0.40208770772091906,"[""KYOw02702"", ""KYOw02708"", ""KYOw02768"", ""KYOw02772"", ""KYOw02787"", ""KYOw16662"", ""KYOw16666"", ""KYOw16700"", ""KYOw16737"", ""KYOw16744""]",0,1940,6267,0,9007,1,0,5149,7.0,
4,1,8,B0,A0,,6,42691,False,750105,0.40208770772091906,"[""KYOw02702"", ""KYOw02708"", ""KYOw02768"", ""KYOw02772"", ""KYOw02787"", ""KYOw16662"", ""KYOw16666"", ""KYOw16700"", ""KYOw16737"", ""KYOw16744""]",109367,0,4948,16386,91,42691,0,0,2.0,
4,1,8,B0,A0,,7,3312,False,750105,0.40208770772091906,"[""KYOw02702"", ""KYOw02708"", ""KYOw02768"", ""KYOw02772"", ""KYOw02787"", ""KYOw16662"", ""KYOw16666"", ""KYOw16700"", ""KYOw16737"", ""KYOw16744""]",8263,0,278,72476,0,1561,3312,0,8.0,
4,1,8,B0,A0,,8,929,False,750105,0.40208770772091906,"[""KYOw02702"", ""KYOw02708"", ""KYOw02768"", ""KYOw02772"", ""KYOw02787"", ""KYOw16662"", ""KYOw16666"", ""KYOw16700"", ""KYOw16737"", ""KYOw16744""]",0,10,14922,0,2162,1723,0,929,5.0,
5,1,8,B0,A0,,1,75859,False,796370,0.4770998405263885,"[""KYOw02709"", ""KYOw02719"", ""KYOw02759"", ""KYOw02767"", ""KYOw02773"", ""KYOw02777"", ""KYOw02783"", ""KYOw02788"", ""KYOw16711""]",75859,38588,0,0,347,70760,0,1268,1.0,
5,1,8,B0,A0,,2,2,False,796370,0.4770998405263885,"[""KYOw02709"", ""KYOw02719"", ""KYOw02759"", ""KYOw02767"", ""KYOw02773"", ""KYOw02777"", ""KYOw02783"", ""KYOw02788"", ""KYOw16711""]",22873,2,213,30,3263,348,0,1,6.0,
5,1,8,B0,A0,,3,4972,False,796370,0.4770998405263885,"[""KYOw02709"", ""KYOw02719"", ""KYOw02759"", ""KYOw02767"", ""KYOw02773"", ""KYOw02777"", ""KYOw02783"", ""KYOw02788"", ""KYOw16711""]",6979,1,4972,704,10182,23,0,4,8.0,
5,1,8,B0,A0,,4,370,False,796370,0.4770998405263885,"[""KYOw02709"", ""KYOw02719"", ""KYOw02759"", ""KYOw02767"", ""KYOw02773"", ""KYOw02777"", ""KYOw02783"", ""KYOw02788"", ""KYOw16711""]",26,5,11,370,55,8,0,1,4.0,
5,1,8,B0,A0,,5,21895,False,796370,0.4770998405263885,"[""KYOw02709"", ""KYOw02719"", ""KYOw02759"", ""KYOw02767"", ""KYOw02773"", ""KYOw02777"", ""KYOw02783"", ""KYOw02788"", ""KYOw16711""]",7484,0,644,3858,21895,0,0,0,5.0,
5,1,8,B0,A0,,6,144727,False,796370,0.4770998405263885,"[""KYOw02709"", ""KYOw02719"", ""KYOw02759"", ""KYOw02767"", ""KYOw02773"", ""KYOw02777"", ""KYOw02783"", ""KYOw02788"", ""KYOw16711""]",25855,124070,0,0,459,144727,178,15347,2.0,
5,1,8,B0,A0,,7,3601,False,796370,0.4770998405263885,"[""KYOw02709"", ""KYOw02719"", ""KYOw02759"", ""KYOw02767"", ""KYOw02773"", ""KYOw02777"", ""KYOw02783"", ""KYOw02788"", ""KYOw16711""]",0,63,0,0,0,1,3601,1647,7.0,
5,1,8,B0,A0,,8,128522,False,796370,0.4770998405263885,"[""KYOw02709"", ""KYOw02719"", ""KYOw02759"", ""KYOw02767"", ""KYOw02773"", ""KYOw02777"", ""KYOw02783"", ""KYOw02788"", ""KYOw16711""]",0,75311,0,0,0,184,5631,128522,3.0,
1,1,8,B0,M00,,1,282976,False,906428,0.5878679828954975,"[""KYOw02707"", ""KYOw02720"", ""KYOw02751"", ""KYOw02752"", ""KYOw02766"", ""KYOw02769"", ""KYOw02774"", ""KYOw02775"", ""KYOw02776"", ""KYOw16719""]",282976,0,110982,0,11401,266,2,0,,3.0
1,1,8,B0,M00,,2,1232,False,906428,0.5878679828954975,"[""KYOw02707"", ""KYOw02720"", ""KYOw02751"", ""KYOw02752"", ""KYOw02766"", ""KYOw02769"", ""KYOw02774"", ""KYOw02775"", ""KYOw02776"", ""KYOw16719""]",0,1232,0,641,0,492,0,85,,4.0
1,1,8,B0,M00,,3,73419,False,906428,0.5878679828954975,"[""KYOw02707"", ""KYOw02720"", ""KYOw02751"", ""KYOw02752"", ""KYOw02766"", ""KYOw02769"", ""KYOw02774"", ""KYOw02775"", ""KYOw02776"", ""KYOw16719""]",4609,0,73419,0,662,417,2708,1,,5.0
1,1,8,B0,M00,,4,9590,False,906428,0.5878679828954975,"[""KYOw02707"", ""KYOw02720"", ""KYOw02751"", ""KYOw02752"", ""KYOw02766"", ""KYOw02769"", ""KYOw02774"", ""KYOw02775"", ""KYOw02776"", ""KYOw16719""]",0,885,0,9590,0,0,0,3169,,2.0
1,1,8,B0,M00,,5,135647,False,906428,0.5878679828954975,"[""KYOw02707"", ""KYOw02720"", ""KYOw02751"", ""KYOw02752"", ""KYOw02766"", ""KYOw02769"", ""KYOw02774"", ""KYOw02775"", ""KYOw02776"", ""KYOw16719""]",55832,0,2,6250,135647,27735,0,0,,8.0
1,1,8,B0,M00,,6,26170,False,906428,0.5878679828954975,"[""KYOw02707"", ""KYOw02720"", ""KYOw02751"", ""KYOw02752"", ""KYOw02766"", ""KYOw02769"", ""KYOw02774"", ""KYOw02775"", ""KYOw02776"", ""KYOw16719""]",0,178,0,13440,906,26170,0,0,,6.0
1,1,8,B0,M00,,7,3826,False,906428,0.5878679828954975,"[""KYOw02707"", ""KYOw02720"", ""KYOw02751"", ""KYOw02752"", ""KYOw02766"", ""KYOw02769"", ""KYOw02774"", ""KYOw02775"", ""KYOw02776"", ""KYOw16719""]",63,0,1437,0,12,0,3826,2,,7.0
1,1,8,B0,M00,,8,0,True,906428,0.5878679828954975,"[""KYOw02707"", ""KYOw02720"", ""KYOw02751"", ""KYOw02752"", ""KYOw02766"", ""KYOw02769"", ""KYOw02774"", ""KYOw02775"", ""KYOw02776"", ""KYOw16719""]",77655,0,3809,1,48838,1087,1,0,,1.0
2,1,8,B0,M00,,1,133476,False,781665,0.5722937575559862,"[""KYOw02754"", ""KYOw02762"", ""KYOw02763"", ""KYOw02764"", ""KYOw02770"", ""KYOw02771"", ""KYOw02789"", ""KYOw16714"", ""KYOw16716"", ""KYOw16750""]",133476,0,3,30299,0,600,10,0,,1.0
2,1,8,B0,M00,,2,6160,False,781665,0.5722937575559862,"[""KYOw02754"", ""KYOw02762"", ""KYOw02763"", ""KYOw02764"", ""KYOw02770"", ""KYOw02771"", ""KYOw02789"", ""KYOw16714"", ""KYOw16716"", ""KYOw16750""]",0,6160,13680,0,0,153,1699,337,,8.0
2,1,8,B0,M00,,3,27337,False,781665,0.5722937575559862,"[""KYOw02754"", ""KYOw02762"", ""KYOw02763"", ""KYOw02764"", ""KYOw02770"", ""KYOw02771"", ""KYOw02789"", ""KYOw16714"", ""KYOw16716"", ""KYOw16750""]",0,0,27337,26032,0,72170,5074,0,,6.0
2,1,8,B0,M00,,4,127135,False,781665,0.5722937575559862,"[""KYOw02754"", ""KYOw02762"", ""KYOw02763"", ""KYOw02764"", ""KYOw02770"", ""KYOw02771"", ""KYOw02789"", ""KYOw16714"", ""KYOw16716"", ""KYOw16750""]",13293,0,2129,127135,0,41429,1,0,,5.0
2,1,8,B0,M00,,5,1995,False,781665,0.5722937575559862,"[""KYOw02754"", ""KYOw02762"", ""KYOw02763"", ""KYOw02764"", ""KYOw02770"", ""KYOw02771"", ""KYOw02789"", ""KYOw16714"", ""KYOw16716"", ""KYOw16750""]",0,27,0,0,1995,0,0,6201,,3.0
2,1,8,B0,M00,,6,82055,False,781665,0.5722937575559862,"[""KYOw02754"", ""KYOw02762"", ""KYOw02763"", ""KYOw02764"", ""KYOw02770"", ""KYOw02771"", ""KYOw02789"", ""KYOw16714"", ""KYOw16716"", ""KYOw16750""]",0,3,10421,43553,0,82055,42,2,,4.0
2,1,8,B0,M00,,7,1880,False,781665,0.5722937575559862,"[""KYOw02754"", ""KYOw02762"", ""KYOw02763"", ""KYOw02764"", ""KYOw02770"", ""KYOw02771"", ""KYOw02789"", ""KYOw16714"", ""KYOw16716"", ""KYOw16750""]",0,1182,6,18,0,91,1880,153,,2.0
2,1,8,B0,M00,,8,67304,False,781665,0.5722937575559862,"[""KYOw02754"", ""KYOw02762"", ""KYOw02763"", ""KYOw02764"", ""KYOw02770"", ""KYOw02771"", ""KYOw02789"", ""KYOw16714"", ""KYOw16716"", ""KYOw16750""]",0,55377,403,0,0,13,9922,67304,,7.0
3,1,8,B0,M00,,1,204916,False,667682,0.5378338790022795,"[""KYOw02715"", ""KYOw02716"", ""KYOw02717"", ""KYOw02756"", ""KYOw02758"", ""KYOw02760"", ""KYOw02780"", ""KYOw02784"", ""KYOw02790"", ""KYOw16702""]",204916,0,50924,0,7434,1,4,0,,3.0
3,1,8,B0,M00,,2,6486,False,667682,0.5378338790022795,"[""KYOw02715"", ""KYOw02716"", ""KYOw02717"", ""KYOw02756"", ""KYOw02758"", ""KYOw02760"", ""KYOw02780"", ""KYOw02784"", ""KYOw02790"", ""KYOw16702""]",0,6486,0,0,0,467,2,3244,,8.0
3,1,8,B0,M00,,3,31635,False,667682,0.5378338790022795,"[""KYOw02715"", ""KYOw02716"", ""KYOw02717"", ""KYOw02756"", ""KYOw02758"", ""KYOw02760"", ""KYOw02780"", ""KYOw02784"", ""KYOw02790"", ""KYOw16702""]",157,0,31635,3831,0,0,4,0,,2.0
3,1,8,B0,M00,,4,0,True,667682,0.5378338790022795,"[""KYOw02715"", ""KYOw02716"", ""KYOw02717"", ""KYOw02756"", ""KYOw02758"", ""KYOw02760"", ""KYOw02780"", ""KYOw02784"", ""KYOw02790"", ""KYOw16702""]",38269,1185,2,0,65713,0,6719,0,,4.0
3,1,8,B0,M00,,5,91502,False,667682,0.5378338790022795,"[""KYOw02715"", ""KYOw02716"", ""KYOw02717"", ""KYOw02756"", ""KYOw02758"", ""KYOw02760"", ""KYOw02780"", ""KYOw02784"", ""KYOw02790"", ""KYOw16702""]",105370,1,9793,0,91502,0,191,0,,1.0
3,1,8,B0,M00,,6,1301,False,667682,0.5378338790022795,"[""KYOw02715"", ""KYOw02716"", ""KYOw02717"", ""KYOw02756"", ""KYOw02758"", ""KYOw02760"", ""KYOw02780"", ""KYOw02784"", ""KYOw02790"", ""KYOw16702""]",0,158,0,0,0,1301,378,354,,5.0
3,1,8,B0,M00,,7,23262,False,667682,0.5378338790022795,"[""KYOw02715"", ""KYOw02716"", ""KYOw02717"", ""KYOw02756"", ""KYOw02758"", ""KYOw02760"", ""KYOw02780"", ""KYOw02784"", ""KYOw02790"", ""KYOw16702""]",112,6862,0,0,7237,66,23262,0,,6.0
3,1,8,B0,M00,,8,0,True,667682,0.5378338790022795,"[""KYOw02715"", ""KYOw02716"", ""KYOw02717"", ""KYOw02756"", ""KYOw02758"", ""KYOw02760"", ""KYOw02780"", ""KYOw02784"", ""KYOw02790"", ""KYOw16702""]",0,45,0,0,3,2,52,0,,7.0
4,1,8,B0,M00,,1,165445,False,750105,0.5168716379706841,"[""KYOw02702"", ""KYOw02708"", ""KYOw02768"", ""KYOw02772"", ""KYOw02787"", ""KYOw16662"", ""KYOw16666"", ""KYOw16700"", ""KYOw16737"", ""KYOw16744""]",165445,0,2012,17765,5,74580,0,0,,2.0
4,1,8,B0,M00,,2,0,True,750105,0.5168716379706841,"[""KYOw02702"", ""KYOw02708"", ""KYOw02768"", ""KYOw02772"", ""KYOw02787"", ""KYOw16662"", ""KYOw16666"", ""KYOw16700"", ""KYOw16737"", ""KYOw16744""]",120426,0,58,71823,8,5372,0,0,,4.0
4,1,8,B0,M00,,3,33764,False,750105,0.5168716379706841,"[""KYOw02702"", ""KYOw02708"", ""KYOw02768"", ""KYOw02772"", ""KYOw02787"", ""KYOw16662"", ""KYOw16666"", ""KYOw16700"", ""KYOw16737"", ""KYOw16744""]",2,0,33764,0,4233,5656,0,78,,5.0
4,1,8,B0,M00,,4,131921,False,750105,0.5168716379706841,"[""KYOw02702"", ""KYOw02708"", ""KYOw02768"", ""KYOw02772"", ""KYOw02787"", ""KYOw16662"", ""KYOw16666"", ""KYOw16700"", ""KYOw16737"", ""KYOw16744""]",15803,0,1793,131921,0,5613,5208,0,,6.0
4,1,8,B0,M00,,5,19469,False,750105,0.5168716379706841,"[""KYOw02702"", ""KYOw02708"", ""KYOw02768"", ""KYOw02772"", ""KYOw02787"", ""KYOw16662"", ""KYOw16666"", ""KYOw16700"", ""KYOw16737"", ""KYOw16744""]",0,6833,1438,0,19469,0,1,3761,,3.0
4,1,8,B0,M00,,6,30471,False,750105,0.5168716379706841,"[""KYOw02702"", ""KYOw02708"", ""KYOw02768"", ""KYOw02772"", ""KYOw02787"", ""KYOw16662"", ""KYOw16666"", ""KYOw16700"", ""KYOw16737"", ""KYOw16744""]",6545,1,7134,0,192,30471,0,0,,8.0
4,1,8,B0,M00,,7,2156,False,750105,0.5168716379706841,"[""KYOw02702"", ""KYOw02708"", ""KYOw02768"", ""KYOw02772"", ""KYOw02787"", ""KYOw16662"", ""KYOw16666"", ""KYOw16700"", ""KYOw16737"", ""KYOw16744""]",107,0,0,1195,0,1,2156,0,,1.0
4,1,8,B0,M00,,8,4482,False,750105,0.5168716379706841,"[""KYOw02702"", ""KYOw02708"", ""KYOw02768"", ""KYOw02772"", ""KYOw02787"", ""KYOw16662"", ""KYOw16666"", ""KYOw16700"", ""KYOw16737"", ""KYOw16744""]",0,736,3620,0,398,0,0,4482,,7.0
5,1,8,B0,M00,,1,96437,False,796370,0.6424425832213669,"[""KYOw02709"", ""KYOw02719"", ""KYOw02759"", ""KYOw02767"", ""KYOw02773"", ""KYOw02777"", ""KYOw02783"", ""KYOw02788"", ""KYOw16711""]",96437,13367,0,0,3898,51757,0,175,,3.0
5,1,8,B0,M00,,2,151780,False,796370,0.6424425832213669,"[""KYOw02709"", ""KYOw02719"", ""KYOw02759"", ""KYOw02767"", ""KYOw02773"", ""KYOw02777"", ""KYOw02783"", ""KYOw02788"", ""KYOw16711""]",0,151780,0,0,0,5942,67,70222,,1.0
5,1,8,B0,M00,,3,4856,False,796370,0.6424425832213669,"[""KYOw02709"", ""KYOw02719"", ""KYOw02759"", ""KYOw02767"", ""KYOw02773"", ""KYOw02777"", ""KYOw02783"", ""KYOw02788"", ""KYOw16711""]",5658,0,4856,413,8846,4,0,0,,8.0
5,1,8,B0,M00,,4,3,False,796370,0.6424425832213669,"[""KYOw02709"", ""KYOw02719"", ""KYOw02759"", ""KYOw02767"", ""KYOw02773"", ""KYOw02777"", ""KYOw02783"", ""KYOw02788"", ""KYOw16711""]",3299,4,38,3,565,211,0,0,,5.0
5,1,8,B0,M00,,5,22850,False,796370,0.6424425832213669,"[""KYOw02709"", ""KYOw02719"", ""KYOw02759"", ""KYOw02767"", ""KYOw02773"", ""KYOw02777"", ""KYOw02783"", ""KYOw02788"", ""KYOw16711""]",2791,0,946,4546,22850,0,0,0,,4.0
5,1,8,B0,M00,,6,156846,False,796370,0.6424425832213669,"[""KYOw02709"", ""KYOw02719"", ""KYOw02759"", ""KYOw02767"", ""KYOw02773"", ""KYOw02777"", ""KYOw02783"", ""KYOw02788"", ""KYOw16711""]",30862,68474,0,0,42,156846,0,326,,2.0
5,1,8,B0,M00,,7,3544,False,796370,0.6424425832213669,"[""KYOw02709"", ""KYOw02719"", ""KYOw02759"", ""KYOw02767"", ""KYOw02773"", ""KYOw02777"", ""KYOw02783"", ""KYOw02788"", ""KYOw16711""]",0,9,0,0,0,1,3544,761,,7.0
5,1,8,B0,M00,,8,75306,False,796370,0.6424425832213669,"[""KYOw02709"", ""KYOw02719"", ""KYOw02759"", ""KYOw02767"", ""KYOw02773"", ""KYOw02777"", ""KYOw02783"", ""KYOw02788"", ""KYOw16711""]",29,4406,0,0,0,1290,5799,75306,,6.0
