sample_id,condition,cluster,pixels,fraction,sample_pixels,valid_pixels,used_clusters,max_occupancy,single_cluster,cluster_counts
KYOw02702,B1,1,457,0.007275448148501926,62814,62814,8,0.47374789059763744,False,"[457, 29758, 3726, 1103, 795, 22094, 121, 4760]"
KYOw02702,B1,6,22094,0.35173687394529884,62814,62814,8,0.47374789059763744,False,"[457, 29758, 3726, 1103, 795, 22094, 121, 4760]"
KYOw02702,B1,4,1103,0.017559779666953226,62814,62814,8,0.47374789059763744,False,"[457, 29758, 3726, 1103, 795, 22094, 121, 4760]"
KYOw02702,B1,5,795,0.012656414175183876,62814,62814,8,0.47374789059763744,False,"[457, 29758, 3726, 1103, 795, 22094, 121, 4760]"
KYOw02702,B1,3,3726,0.05931798643614481,62814,62814,8,0.47374789059763744,False,"[457, 29758, 3726, 1103, 795, 22094, 121, 4760]"
KYOw02702,B1,7,121,0.0019263221574808164,62814,62814,8,0.47374789059763744,False,"[457, 29758, 3726, 1103, 795, 22094, 121, 4760]"
KYOw02702,B1,2,29758,0.47374789059763744,62814,62814,8,0.47374789059763744,False,"[457, 29758, 3726, 1103, 795, 22094, 121, 4760]"
KYOw02702,B1,8,4760,0.07577928487279906,62814,62814,8,0.47374789059763744,False,"[457, 29758, 3726, 1103, 795, 22094, 121, 4760]"
KYOw02707,B1,1,1183,0.010279984010844819,115078,115078,8,0.7881350040841864,False,"[1183, 90697, 1851, 3238, 524, 13189, 1084, 3312]"
KYOw02707,B1,6,13189,0.11460922157145588,115078,115078,8,0.7881350040841864,False,"[1183, 90697, 1851, 3238, 524, 13189, 1084, 3312]"
KYOw02707,B1,4,3238,0.028137437216496638,115078,115078,8,0.7881350040841864,False,"[1183, 90697, 1851, 3238, 524, 13189, 1084, 3312]"
KYOw02707,B1,5,524,0.004553433323484941,115078,115078,8,0.7881350040841864,False,"[1183, 90697, 1851, 3238, 524, 13189, 1084, 3312]"
KYOw02707,B1,3,1851,0.016084742522463027,115078,115078,8,0.7881350040841864,False,"[1183, 90697, 1851, 3238, 524, 13189, 1084, 3312]"
KYOw02707,B1,7,1084,0.009419697944003198,115078,115078,8,0.7881350040841864,False,"[1183, 90697, 1851, 3238, 524, 13189, 1084, 3312]"
KYOw02707,B1,2,90697,0.7881350040841864,115078,115078,8,0.7881350040841864,False,"[1183, 90697, 1851, 3238, 524, 13189, 1084, 3312]"
KYOw02707,B1,8,3312,0.028780479327065123,115078,115078,8,0.7881350040841864,False,"[1183, 90697, 1851, 3238, 524, 13189, 1084, 3312]"
KYOw02708,B1,1,11422,0.10914789721635594,104647,104647,8,0.7135417164371649,False,"[11422, 74670, 1359, 5967, 1995, 5675, 2670, 889]"
KYOw02708,B1,6,5675,0.05422993492407809,104647,104647,8,0.7135417164371649,False,"[11422, 74670, 1359, 5967, 1995, 5675, 2670, 889]"
KYOw02708,B1,4,5967,0.05702026813955489,104647,104647,8,0.7135417164371649,False,"[11422, 74670, 1359, 5967, 1995, 5675, 2670, 889]"
KYOw02708,B1,5,1995,0.01906409166053494,104647,104647,8,0.7135417164371649,False,"[11422, 74670, 1359, 5967, 1995, 5675, 2670, 889]"
KYOw02708,B1,3,1359,0.012986516574770419,104647,104647,8,0.7135417164371649,False,"[11422, 74670, 1359, 5967, 1995, 5675, 2670, 889]"
KYOw02708,B1,7,2670,0.025514348237407666,104647,104647,8,0.7135417164371649,False,"[11422, 74670, 1359, 5967, 1995, 5675, 2670, 889]"
KYOw02708,B1,2,74670,0.7135417164371649,104647,104647,8,0.7135417164371649,False,"[11422, 74670, 1359, 5967, 1995, 5675, 2670, 889]"
KYOw02708,B1,8,889,0.008495226810133115,104647,104647,8,0.7135417164371649,False,"[11422, 74670, 1359, 5967, 1995, 5675, 2670, 889]"
KYOw02709,B1,1,1,2.4934546814611646e-05,40105,40105,8,0.3658646054107967,False,"[1, 4389, 1943, 5157, 27, 14673, 372, 13543]"
KYOw02709,B1,6,14673,0.3658646054107967,40105,40105,8,0.3658646054107967,False,"[1, 4389, 1943, 5157, 27, 14673, 372, 13543]"
KYOw02709,B1,4,5157,0.12858745792295226,40105,40105,8,0.3658646054107967,False,"[1, 4389, 1943, 5157, 27, 14673, 372, 13543]"
KYOw02709,B1,5,27,0.0006732327639945144,40105,40105,8,0.3658646054107967,False,"[1, 4389, 1943, 5157, 27, 14673, 372, 13543]"
KYOw02709,B1,3,1943,0.04844782446079043,40105,40105,8,0.3658646054107967,False,"[1, 4389, 1943, 5157, 27, 14673, 372, 13543]"
KYOw02709,B1,7,372,0.009275651415035531,40105,40105,8,0.3658646054107967,False,"[1, 4389, 1943, 5157, 27, 14673, 372, 13543]"
KYOw02709,B1,2,4389,0.1094377259693305,40105,40105,8,0.3658646054107967,False,"[1, 4389, 1943, 5157, 27, 14673, 372, 13543]"
KYOw02709,B1,8,13543,0.3376885675102855,40105,40105,8,0.3658646054107967,False,"[1, 4389, 1943, 5157, 27, 14673, 372, 13543]"
KYOw02715,B1,1,45643,0.7008629691050918,65124,65124,8,0.7008629691050918,False,"[45643, 292, 6285, 1031, 11137, 598, 5, 133]"
KYOw02715,B1,6,598,0.009182482648485965,65124,65124,8,0.7008629691050918,False,"[45643, 292, 6285, 1031, 11137, 598, 5, 133]"
KYOw02715,B1,4,1031,0.01583133714145323,65124,65124,8,0.7008629691050918,False,"[45643, 292, 6285, 1031, 11137, 598, 5, 133]"
KYOw02715,B1,5,11137,0.1710122228364351,65124,65124,8,0.7008629691050918,False,"[45643, 292, 6285, 1031, 11137, 598, 5, 133]"
KYOw02715,B1,3,6285,0.09650819974203059,65124,65124,8,0.7008629691050918,False,"[45643, 292, 6285, 1031, 11137, 598, 5, 133]"
KYOw02715,B1,7,5,7.677661077329403e-05,65124,65124,8,0.7008629691050918,False,"[45643, 292, 6285, 1031, 11137, 598, 5, 133]"
KYOw02715,B1,2,292,0.004483754069160371,65124,65124,8,0.7008629691050918,False,"[45643, 292, 6285, 1031, 11137, 598, 5, 133]"
KYOw02715,B1,8,133,0.002042257846569621,65124,65124,8,0.7008629691050918,False,"[45643, 292, 6285, 1031, 11137, 598, 5, 133]"
KYOw02716,B1,1,146,0.0023248777846780998,62799,62799,8,0.35640694915524135,False,"[146, 9193, 3254, 1915, 117, 8885, 16907, 22382]"
KYOw02716,B1,6,8885,0.14148314463606107,62799,62799,8,0.35640694915524135,False,"[146, 9193, 3254, 1915, 117, 8885, 16907, 22382]"
KYOw02716,B1,4,1915,0.030494116148346313,62799,62799,8,0.35640694915524135,False,"[146, 9193, 3254, 1915, 117, 8885, 16907, 22382]"
KYOw02716,B1,5,117,0.00186308699183108,62799,62799,8,0.35640694915524135,False,"[146, 9193, 3254, 1915, 117, 8885, 16907, 22382]"
KYOw02716,B1,3,3254,0.05181611172152423,62799,62799,8,0.35640694915524135,False,"[146, 9193, 3254, 1915, 117, 8885, 16907, 22382]"
KYOw02716,B1,7,16907,0.26922403222981256,62799,62799,8,0.35640694915524135,False,"[146, 9193, 3254, 1915, 117, 8885, 16907, 22382]"
KYOw02716,B1,2,9193,0.1463876813325053,62799,62799,8,0.35640694915524135,False,"[146, 9193, 3254, 1915, 117, 8885, 16907, 22382]"
KYOw02716,B1,8,22382,0.35640694915524135,62799,62799,8,0.35640694915524135,False,"[146, 9193, 3254, 1915, 117, 8885, 16907, 22382]"
KYOw02717,B1,1,39741,0.4843864267953781,82044,82044,8,0.4843864267953781,False,"[39741, 17566, 6263, 3918, 4323, 4449, 2518, 3266]"
KYOw02717,B1,6,4449,0.05422700014626298,82044,82044,8,0.4843864267953781,False,"[39741, 17566, 6263, 3918, 4323, 4449, 2518, 3266]"
KYOw02717,B1,4,3918,0.04775486324411291,82044,82044,8,0.4843864267953781,False,"[39741, 17566, 6263, 3918, 4323, 4449, 2518, 3266]"
KYOw02717,B1,5,4323,0.05269123884744771,82044,82044,8,0.4843864267953781,False,"[39741, 17566, 6263, 3918, 4323, 4449, 2518, 3266]"
KYOw02717,B1,3,6263,0.07633708741650821,82044,82044,8,0.4843864267953781,False,"[39741, 17566, 6263, 3918, 4323, 4449, 2518, 3266]"
KYOw02717,B1,7,2518,0.030690848812832138,82044,82044,8,0.4843864267953781,False,"[39741, 17566, 6263, 3918, 4323, 4449, 2518, 3266]"
KYOw02717,B1,2,17566,0.21410462678562722,82044,82044,8,0.4843864267953781,False,"[39741, 17566, 6263, 3918, 4323, 4449, 2518, 3266]"
KYOw02717,B1,8,3266,0.03980790795183072,82044,82044,8,0.4843864267953781,False,"[39741, 17566, 6263, 3918, 4323, 4449, 2518, 3266]"
KYOw02719,B1,1,56123,0.7305114087495281,76827,76827,8,0.7305114087495281,False,"[56123, 5513, 3765, 2681, 6035, 2168, 353, 189]"
KYOw02719,B1,6,2168,0.028219245838051726,76827,76827,8,0.7305114087495281,False,"[56123, 5513, 3765, 2681, 6035, 2168, 353, 189]"
KYOw02719,B1,4,2681,0.0348965858357088,76827,76827,8,0.7305114087495281,False,"[56123, 5513, 3765, 2681, 6035, 2168, 353, 189]"
KYOw02719,B1,5,6035,0.07855311283793458,76827,76827,8,0.7305114087495281,False,"[56123, 5513, 3765, 2681, 6035, 2168, 353, 189]"
KYOw02719,B1,3,3765,0.049006208754734666,76827,76827,8,0.7305114087495281,False,"[56123, 5513, 3765, 2681, 6035, 2168, 353, 189]"
KYOw02719,B1,7,353,0.004594738828797167,76827,76827,8,0.7305114087495281,False,"[56123, 5513, 3765, 2681, 6035, 2168, 353, 189]"
KYOw02719,B1,2,5513,0.07175862652452913,76827,76827,8,0.7305114087495281,False,"[56123, 5513, 3765, 2681, 6035, 2168, 353, 189]"
KYOw02719,B1,8,189,0.002460072630715764,76827,76827,8,0.7305114087495281,False,"[56123, 5513, 3765, 2681, 6035, 2168, 353, 189]"
KYOw02720,B1,1,69029,0.5262399560888591,131174,131174,8,0.5262399560888591,False,"[69029, 35513, 4935, 894, 11398, 7375, 147, 1883]"
KYOw02720,B1,6,7375,0.05622303200329334,131174,131174,8,0.5262399560888591,False,"[69029, 35513, 4935, 894, 11398, 7375, 147, 1883]"
KYOw02720,B1,4,894,0.006815374998094134,131174,131174,8,0.5262399560888591,False,"[69029, 35513, 4935, 894, 11398, 7375, 147, 1883]"
KYOw02720,B1,5,11398,0.08689221949471694,131174,131174,8,0.5262399560888591,False,"[69029, 35513, 4935, 894, 11398, 7375, 147, 1883]"
KYOw02720,B1,3,4935,0.03762178480491561,131174,131174,8,0.5262399560888591,False,"[69029, 35513, 4935, 894, 11398, 7375, 147, 1883]"
KYOw02720,B1,7,147,0.0011206489090825925,131174,131174,8,0.5262399560888591,False,"[69029, 35513, 4935, 894, 11398, 7375, 147, 1883]"
KYOw02720,B1,2,35513,0.27073200481802795,131174,131174,8,0.5262399560888591,False,"[69029, 35513, 4935, 894, 11398, 7375, 147, 1883]"
KYOw02720,B1,8,1883,0.014354978883010353,131174,131174,8,0.5262399560888591,False,"[69029, 35513, 4935, 894, 11398, 7375, 147, 1883]"
KYOw02751,B1,1,17058,0.23867690886957982,71469,71469,8,0.4509787460297472,False,"[17058, 855, 13479, 7495, 32231, 97, 141, 113]"
KYOw02751,B1,6,97,0.0013572318067973526,71469,71469,8,0.4509787460297472,False,"[17058, 855, 13479, 7495, 32231, 97, 141, 113]"
KYOw02751,B1,4,7495,0.10487064321593978,71469,71469,8,0.4509787460297472,False,"[17058, 855, 13479, 7495, 32231, 97, 141, 113]"
KYOw02751,B1,5,32231,0.4509787460297472,71469,71469,8,0.4509787460297472,False,"[17058, 855, 13479, 7495, 32231, 97, 141, 113]"
KYOw02751,B1,3,13479,0.18859925282290224,71469,71469,8,0.4509787460297472,False,"[17058, 855, 13479, 7495, 32231, 97, 141, 113]"
KYOw02751,B1,7,141,0.001972883348025018,71469,71469,8,0.4509787460297472,False,"[17058, 855, 13479, 7495, 32231, 97, 141, 113]"
KYOw02751,B1,2,855,0.01196322881249213,71469,71469,8,0.4509787460297472,False,"[17058, 855, 13479, 7495, 32231, 97, 141, 113]"
KYOw02751,B1,8,113,0.0015811050945165037,71469,71469,8,0.4509787460297472,False,"[17058, 855, 13479, 7495, 32231, 97, 141, 113]"
KYOw02752,B1,1,18616,0.15884907801660508,117193,117193,8,0.2821584906948367,False,"[18616, 33067, 9613, 7295, 10928, 27447, 1740, 8487]"
KYOw02752,B1,6,27447,0.23420340805338202,117193,117193,8,0.2821584906948367,False,"[18616, 33067, 9613, 7295, 10928, 27447, 1740, 8487]"
KYOw02752,B1,4,7295,0.062247745172493235,117193,117193,8,0.2821584906948367,False,"[18616, 33067, 9613, 7295, 10928, 27447, 1740, 8487]"
KYOw02752,B1,5,10928,0.09324789023235176,117193,117193,8,0.2821584906948367,False,"[18616, 33067, 9613, 7295, 10928, 27447, 1740, 8487]"
KYOw02752,B1,3,9613,0.0820270835288797,117193,117193,8,0.2821584906948367,False,"[18616, 33067, 9613, 7295, 10928, 27447, 1740, 8487]"
KYOw02752,B1,7,1740,0.014847303166571383,117193,117193,8,0.2821584906948367,False,"[18616, 33067, 9613, 7295, 10928, 27447, 1740, 8487]"
KYOw02752,B1,2,33067,0.2821584906948367,117193,117193,8,0.2821584906948367,False,"[18616, 33067, 9613, 7295, 10928, 27447, 1740, 8487]"
KYOw02752,B1,8,8487,0.07241900113488008,117193,117193,8,0.2821584906948367,False,"[18616, 33067, 9613, 7295, 10928, 27447, 1740, 8487]"
KYOw02754,B1,1,11278,0.23872825028576267,47242,47242,8,0.26895559036450617,False,"[11278, 4526, 12706, 2304, 12107, 1995, 331, 1995]"
KYOw02754,B1,6,1995,0.04222937216883282,47242,47242,8,0.26895559036450617,False,"[11278, 4526, 12706, 2304, 12107, 1995, 331, 1995]"
KYOw02754,B1,4,2304,0.048770162143855045,47242,47242,8,0.26895559036450617,False,"[11278, 4526, 12706, 2304, 12107, 1995, 331, 1995]"
KYOw02754,B1,5,12107,0.2562761949113077,47242,47242,8,0.26895559036450617,False,"[11278, 4526, 12706, 2304, 12107, 1995, 331, 1995]"
KYOw02754,B1,3,12706,0.26895559036450617,47242,47242,8,0.26895559036450617,False,"[11278, 4526, 12706, 2304, 12107, 1995, 331, 1995]"
KYOw02754,B1,7,331,0.0070064772871597306,47242,47242,8,0.26895559036450617,False,"[11278, 4526, 12706, 2304, 12107, 1995, 331, 1995]"
KYOw02754,B1,2,4526,0.09580458066974303,47242,47242,8,0.26895559036450617,False,"[11278, 4526, 12706, 2304, 12107, 1995, 331, 1995]"
KYOw02754,B1,8,1995,0.04222937216883282,47242,47242,8,0.26895559036450617,False,"[11278, 4526, 12706, 2304, 12107, 1995, 331, 1995]"
KYOw02756,B1,1,29570,0.2924624407805592,101107,101107,8,0.2924624407805592,False,"[29570, 18046, 16184, 6417, 26408, 2695, 542, 1245]"
KYOw02756,B1,6,2695,0.026654929925722253,101107,101107,8,0.2924624407805592,False,"[29570, 18046, 16184, 6417, 26408, 2695, 542, 1245]"
KYOw02756,B1,4,6417,0.06346741570811121,101107,101107,8,0.2924624407805592,False,"[29570, 18046, 16184, 6417, 26408, 2695, 542, 1245]"
KYOw02756,B1,5,26408,0.26118864173598266,101107,101107,8,0.2924624407805592,False,"[29570, 18046, 16184, 6417, 26408, 2695, 542, 1245]"
KYOw02756,B1,3,16184,0.16006804672277883,101107,101107,8,0.2924624407805592,False,"[29570, 18046, 16184, 6417, 26408, 2695, 542, 1245]"
KYOw02756,B1,7,542,0.005360657521239875,101107,101107,8,0.2924624407805592,False,"[29570, 18046, 16184, 6417, 26408, 2695, 542, 1245]"
KYOw02756,B1,2,18046,0.17848418012600512,101107,101107,8,0.2924624407805592,False,"[29570, 18046, 16184, 6417, 26408, 2695, 542, 1245]"
KYOw02756,B1,8,1245,0.01231368747960082,101107,101107,8,0.2924624407805592,False,"[29570, 18046, 16184, 6417, 26408, 2695, 542, 1245]"
KYOw02758,B1,1,203,0.002808561269525035,72279,72279,8,0.3293211029482976,False,"[203, 12197, 3947, 12811, 191, 4442, 14685, 23803]"
KYOw02758,B1,6,4442,0.061456301276996084,72279,72279,8,0.3293211029482976,False,"[203, 12197, 3947, 12811, 191, 4442, 14685, 23803]"
KYOw02758,B1,4,12811,0.17724373607825233,72279,72279,8,0.3293211029482976,False,"[203, 12197, 3947, 12811, 191, 4442, 14685, 23803]"
KYOw02758,B1,5,191,0.002642537943247693,72279,72279,8,0.3293211029482976,False,"[203, 12197, 3947, 12811, 191, 4442, 14685, 23803]"
KYOw02758,B1,3,3947,0.054607839068055726,72279,72279,8,0.3293211029482976,False,"[203, 12197, 3947, 12811, 191, 4442, 14685, 23803]"
KYOw02758,B1,7,14685,0.20317104553189724,72279,72279,8,0.3293211029482976,False,"[203, 12197, 3947, 12811, 191, 4442, 14685, 23803]"
KYOw02758,B1,2,12197,0.16874887588372833,72279,72279,8,0.3293211029482976,False,"[203, 12197, 3947, 12811, 191, 4442, 14685, 23803]"
KYOw02758,B1,8,23803,0.3293211029482976,72279,72279,8,0.3293211029482976,False,"[203, 12197, 3947, 12811, 191, 4442, 14685, 23803]"
KYOw02759,B1,1,21769,0.29233475680176185,74466,74466,8,0.36058066768726665,False,"[21769, 26851, 3322, 4234, 5994, 9776, 693, 1827]"
KYOw02759,B1,6,9776,0.13128139016463888,74466,74466,8,0.36058066768726665,False,"[21769, 26851, 3322, 4234, 5994, 9776, 693, 1827]"
KYOw02759,B1,4,4234,0.056858163457148225,74466,74466,8,0.36058066768726665,False,"[21769, 26851, 3322, 4234, 5994, 9776, 693, 1827]"
KYOw02759,B1,5,5994,0.08049311094996374,74466,74466,8,0.36058066768726665,False,"[21769, 26851, 3322, 4234, 5994, 9776, 693, 1827]"
KYOw02759,B1,3,3322,0.04461096339268928,74466,74466,8,0.36058066768726665,False,"[21769, 26851, 3322, 4234, 5994, 9776, 693, 1827]"
KYOw02759,B1,7,693,0.009306260575296108,74466,74466,8,0.36058066768726665,False,"[21769, 26851, 3322, 4234, 5994, 9776, 693, 1827]"
KYOw02759,B1,2,26851,0.36058066768726665,74466,74466,8,0.36058066768726665,False,"[21769, 26851, 3322, 4234, 5994, 9776, 693, 1827]"
KYOw02759,B1,8,1827,0.024534686971235193,74466,74466,8,0.36058066768726665,False,"[21769, 26851, 3322, 4234, 5994, 9776, 693, 1827]"
KYOw02760,B1,1,3975,0.0792969996808171,50128,50128,8,0.5718161506543249,False,"[3975, 28664, 2079, 581, 2009, 10785, 283, 1752]"
KYOw02760,B1,6,10785,0.2151492180019151,50128,50128,8,0.5718161506543249,False,"[3975, 28664, 2079, 581, 2009, 10785, 283, 1752]"
KYOw02760,B1,4,581,0.011590328758378551,50128,50128,8,0.5718161506543249,False,"[3975, 28664, 2079, 581, 2009, 10785, 283, 1752]"
KYOw02760,B1,5,2009,0.040077401851260776,50128,50128,8,0.5718161506543249,False,"[3975, 28664, 2079, 581, 2009, 10785, 283, 1752]"
KYOw02760,B1,3,2079,0.041473827002872644,50128,50128,8,0.5718161506543249,False,"[3975, 28664, 2079, 581, 2009, 10785, 283, 1752]"
KYOw02760,B1,7,283,0.005645547398659432,50128,50128,8,0.5718161506543249,False,"[3975, 28664, 2079, 581, 2009, 10785, 283, 1752]"
KYOw02760,B1,2,28664,0.5718161506543249,50128,50128,8,0.5718161506543249,False,"[3975, 28664, 2079, 581, 2009, 10785, 283, 1752]"
KYOw02760,B1,8,1752,0.034950526651771466,50128,50128,8,0.5718161506543249,False,"[3975, 28664, 2079, 581, 2009, 10785, 283, 1752]"
KYOw02762,B1,1,3,4.419694157164324e-05,67878,67878,8,0.42683932938507324,False,"[3, 14611, 439, 28973, 2, 1822, 11510, 10518]"
KYOw02762,B1,6,1822,0.02684227584784466,67878,67878,8,0.42683932938507324,False,"[3, 14611, 439, 28973, 2, 1822, 11510, 10518]"
KYOw02762,B1,4,28973,0.42683932938507324,67878,67878,8,0.42683932938507324,False,"[3, 14611, 439, 28973, 2, 1822, 11510, 10518]"
KYOw02762,B1,5,2,2.9464627714428828e-05,67878,67878,8,0.42683932938507324,False,"[3, 14611, 439, 28973, 2, 1822, 11510, 10518]"
KYOw02762,B1,3,439,0.0064674857833171276,67878,67878,8,0.42683932938507324,False,"[3, 14611, 439, 28973, 2, 1822, 11510, 10518]"
KYOw02762,B1,7,11510,0.1695689324965379,67878,67878,8,0.42683932938507324,False,"[3, 14611, 439, 28973, 2, 1822, 11510, 10518]"
KYOw02762,B1,2,14611,0.2152538377677598,67878,67878,8,0.42683932938507324,False,"[3, 14611, 439, 28973, 2, 1822, 11510, 10518]"
KYOw02762,B1,8,10518,0.1549544771501812,67878,67878,8,0.42683932938507324,False,"[3, 14611, 439, 28973, 2, 1822, 11510, 10518]"
KYOw02763,B1,1,32957,0.3216509535242334,102462,102462,8,0.4238742167828073,False,"[32957, 43431, 4853, 8828, 6953, 1014, 3633, 793]"
KYOw02763,B1,6,1014,0.009896351818235054,102462,102462,8,0.4238742167828073,False,"[32957, 43431, 4853, 8828, 6953, 1014, 3633, 793]"
KYOw02763,B1,4,8828,0.08615877105658683,102462,102462,8,0.4238742167828073,False,"[32957, 43431, 4853, 8828, 6953, 1014, 3633, 793]"
KYOw02763,B1,5,6953,0.06785930393706935,102462,102462,8,0.4238742167828073,False,"[32957, 43431, 4853, 8828, 6953, 1014, 3633, 793]"
KYOw02763,B1,3,4853,0.047363900763209774,102462,102462,8,0.4238742167828073,False,"[32957, 43431, 4853, 8828, 6953, 1014, 3633, 793]"
KYOw02763,B1,7,3633,0.03545704749077707,102462,102462,8,0.4238742167828073,False,"[32957, 43431, 4853, 8828, 6953, 1014, 3633, 793]"
KYOw02763,B1,2,43431,0.4238742167828073,102462,102462,8,0.4238742167828073,False,"[32957, 43431, 4853, 8828, 6953, 1014, 3633, 793]"
KYOw02763,B1,8,793,0.007739454627081259,102462,102462,8,0.4238742167828073,False,"[32957, 43431, 4853, 8828, 6953, 1014, 3633, 793]"
KYOw02764,B1,1,277,0.0026202277800900526,105716,105716,8,0.7230409777138749,False,"[277, 76437, 2109, 727, 82, 24679, 222, 1183]"
KYOw02764,B1,6,24679,0.23344621438571267,105716,105716,8,0.7230409777138749,False,"[277, 76437, 2109, 727, 82, 24679, 222, 1183]"
KYOw02764,B1,4,727,0.006876915509478224,105716,105716,8,0.7230409777138749,False,"[277, 76437, 2109, 727, 82, 24679, 222, 1183]"
KYOw02764,B1,5,82,0.0007756630973551781,105716,105716,8,0.7230409777138749,False,"[277, 76437, 2109, 727, 82, 24679, 222, 1183]"
KYOw02764,B1,3,2109,0.019949676491732567,105716,105716,8,0.7230409777138749,False,"[277, 76437, 2109, 727, 82, 24679, 222, 1183]"
KYOw02764,B1,7,222,0.002099965946498165,105716,105716,8,0.7230409777138749,False,"[277, 76437, 2109, 727, 82, 24679, 222, 1183]"
KYOw02764,B1,2,76437,0.7230409777138749,105716,105716,8,0.7230409777138749,False,"[277, 76437, 2109, 727, 82, 24679, 222, 1183]"
KYOw02764,B1,8,1183,0.01119035907525824,105716,105716,8,0.7230409777138749,False,"[277, 76437, 2109, 727, 82, 24679, 222, 1183]"
KYOw02766,B1,1,3008,0.06514206514206514,46176,46176,8,0.3603387040887041,False,"[3008, 11111, 4665, 16639, 4104, 3182, 1410, 2057]"
KYOw02766,B1,6,3182,0.06891025641025642,46176,46176,8,0.3603387040887041,False,"[3008, 11111, 4665, 16639, 4104, 3182, 1410, 2057]"
KYOw02766,B1,4,16639,0.3603387040887041,46176,46176,8,0.3603387040887041,False,"[3008, 11111, 4665, 16639, 4104, 3182, 1410, 2057]"
KYOw02766,B1,5,4104,0.08887733887733888,46176,46176,8,0.3603387040887041,False,"[3008, 11111, 4665, 16639, 4104, 3182, 1410, 2057]"
KYOw02766,B1,3,4665,0.10102650727650728,46176,46176,8,0.3603387040887041,False,"[3008, 11111, 4665, 16639, 4104, 3182, 1410, 2057]"
KYOw02766,B1,7,1410,0.030535343035343037,46176,46176,8,0.3603387040887041,False,"[3008, 11111, 4665, 16639, 4104, 3182, 1410, 2057]"
KYOw02766,B1,2,11111,0.24062283437283438,46176,46176,8,0.3603387040887041,False,"[3008, 11111, 4665, 16639, 4104, 3182, 1410, 2057]"
KYOw02766,B1,8,2057,0.0445469507969508,46176,46176,8,0.3603387040887041,False,"[3008, 11111, 4665, 16639, 4104, 3182, 1410, 2057]"
KYOw02767,B1,1,8601,0.05653234128418659,152143,152143,8,0.6082632786260295,False,"[8601, 26321, 92543, 10375, 10730, 541, 2753, 279]"
KYOw02767,B1,6,541,0.00355586520576037,152143,152143,8,0.6082632786260295,False,"[8601, 26321, 92543, 10375, 10730, 541, 2753, 279]"
KYOw02767,B1,4,10375,0.0681924242324655,152143,152143,8,0.6082632786260295,False,"[8601, 26321, 92543, 10375, 10730, 541, 2753, 279]"
KYOw02767,B1,5,10730,0.07052575537487758,152143,152143,8,0.6082632786260295,False,"[8601, 26321, 92543, 10375, 10730, 541, 2753, 279]"
KYOw02767,B1,3,92543,0.6082632786260295,152143,152143,8,0.6082632786260295,False,"[8601, 26321, 92543, 10375, 10730, 541, 2753, 279]"
KYOw02767,B1,7,2753,0.018094818690311088,152143,152143,8,0.6082632786260295,False,"[8601, 26321, 92543, 10375, 10730, 541, 2753, 279]"
KYOw02767,B1,2,26321,0.17300171549134696,152143,152143,8,0.6082632786260295,False,"[8601, 26321, 92543, 10375, 10730, 541, 2753, 279]"
KYOw02767,B1,8,279,0.001833801095022446,152143,152143,8,0.6082632786260295,False,"[8601, 26321, 92543, 10375, 10730, 541, 2753, 279]"
KYOw02768,B1,1,34,0.0005159958720330237,65892,65892,7,0.8087476476658775,False,"[34, 801, 768, 53290, 17, 0, 10928, 54]"
KYOw02768,B1,6,0,0.0,65892,65892,7,0.8087476476658775,False,"[34, 801, 768, 53290, 17, 0, 10928, 54]"
KYOw02768,B1,4,53290,0.8087476476658775,65892,65892,7,0.8087476476658775,False,"[34, 801, 768, 53290, 17, 0, 10928, 54]"
KYOw02768,B1,5,17,0.00025799793601651185,65892,65892,7,0.8087476476658775,False,"[34, 801, 768, 53290, 17, 0, 10928, 54]"
KYOw02768,B1,3,768,0.011655436168275359,65892,65892,7,0.8087476476658775,False,"[34, 801, 768, 53290, 17, 0, 10928, 54]"
KYOw02768,B1,7,10928,0.1658471438110848,65892,65892,7,0.8087476476658775,False,"[34, 801, 768, 53290, 17, 0, 10928, 54]"
KYOw02768,B1,2,801,0.012156255691130942,65892,65892,7,0.8087476476658775,False,"[34, 801, 768, 53290, 17, 0, 10928, 54]"
KYOw02768,B1,8,54,0.0008195228555818613,65892,65892,7,0.8087476476658775,False,"[34, 801, 768, 53290, 17, 0, 10928, 54]"
KYOw02769,B1,1,65891,0.40740351441255396,161734,161734,8,0.40740351441255396,False,"[65891, 62201, 5487, 4896, 14760, 4482, 1789, 2228]"
KYOw02769,B1,6,4482,0.0277121693645121,161734,161734,8,0.40740351441255396,False,"[65891, 62201, 5487, 4896, 14760, 4482, 1789, 2228]"
KYOw02769,B1,4,4896,0.03027192798051121,161734,161734,8,0.40740351441255396,False,"[65891, 62201, 5487, 4896, 14760, 4482, 1789, 2228]"
KYOw02769,B1,5,14760,0.09126095935301173,161734,161734,8,0.40740351441255396,False,"[65891, 62201, 5487, 4896, 14760, 4482, 1789, 2228]"
KYOw02769,B1,3,5487,0.03392607614972733,161734,161734,8,0.40740351441255396,False,"[65891, 62201, 5487, 4896, 14760, 4482, 1789, 2228]"
KYOw02769,B1,7,1789,0.011061372376865717,161734,161734,8,0.40740351441255396,False,"[65891, 62201, 5487, 4896, 14760, 4482, 1789, 2228]"
KYOw02769,B1,2,62201,0.384588274574301,161734,161734,8,0.40740351441255396,False,"[65891, 62201, 5487, 4896, 14760, 4482, 1789, 2228]"
KYOw02769,B1,8,2228,0.013775705788516947,161734,161734,8,0.40740351441255396,False,"[65891, 62201, 5487, 4896, 14760, 4482, 1789, 2228]"
KYOw02770,B1,1,137,0.004101428015447714,33403,33403,8,0.3078166631739664,False,"[137, 10282, 837, 3483, 57, 9418, 2230, 6959]"
KYOw02770,B1,6,9418,0.2819507229889531,33403,33403,8,0.3078166631739664,False,"[137, 10282, 837, 3483, 57, 9418, 2230, 6959]"
KYOw02770,B1,4,3483,0.10427207137083495,33403,33403,8,0.3078166631739664,False,"[137, 10282, 837, 3483, 57, 9418, 2230, 6959]"
KYOw02770,B1,5,57,0.0017064335538724067,33403,33403,8,0.3078166631739664,False,"[137, 10282, 837, 3483, 57, 9418, 2230, 6959]"
KYOw02770,B1,3,837,0.025057629554231655,33403,33403,8,0.3078166631739664,False,"[137, 10282, 837, 3483, 57, 9418, 2230, 6959]"
KYOw02770,B1,7,2230,0.0667604706164117,33403,33403,8,0.3078166631739664,False,"[137, 10282, 837, 3483, 57, 9418, 2230, 6959]"
KYOw02770,B1,2,10282,0.3078166631739664,33403,33403,8,0.3078166631739664,False,"[137, 10282, 837, 3483, 57, 9418, 2230, 6959]"
KYOw02770,B1,8,6959,0.20833458072628208,33403,33403,8,0.3078166631739664,False,"[137, 10282, 837, 3483, 57, 9418, 2230, 6959]"
KYOw02771,B1,1,58390,0.511762024961436,114096,114096,8,0.511762024961436,False,"[58390, 20392, 8442, 1871, 23997, 402, 589, 13]"
KYOw02771,B1,6,402,0.00352334875893984,114096,114096,8,0.511762024961436,False,"[58390, 20392, 8442, 1871, 23997, 402, 589, 13]"
KYOw02771,B1,4,1871,0.01639847146262796,114096,114096,8,0.511762024961436,False,"[58390, 20392, 8442, 1871, 23997, 402, 589, 13]"
KYOw02771,B1,5,23997,0.21032288599074464,114096,114096,8,0.511762024961436,False,"[58390, 20392, 8442, 1871, 23997, 402, 589, 13]"
KYOw02771,B1,3,8442,0.07399032393773665,114096,114096,8,0.511762024961436,False,"[58390, 20392, 8442, 1871, 23997, 402, 589, 13]"
KYOw02771,B1,7,589,0.005162319450287477,114096,114096,8,0.511762024961436,False,"[58390, 20392, 8442, 1871, 23997, 402, 589, 13]"
KYOw02771,B1,2,20392,0.17872668629925675,114096,114096,8,0.511762024961436,False,"[58390, 20392, 8442, 1871, 23997, 402, 589, 13]"
KYOw02771,B1,8,13,0.00011393913897069135,114096,114096,8,0.511762024961436,False,"[58390, 20392, 8442, 1871, 23997, 402, 589, 13]"
KYOw02772,B1,1,7491,0.10232068951387087,73211,73211,8,0.3616123260165822,False,"[7491, 21222, 3830, 26474, 4747, 3826, 5088, 533]"
KYOw02772,B1,6,3826,0.05225990629823387,73211,73211,8,0.3616123260165822,False,"[7491, 21222, 3830, 26474, 4747, 3826, 5088, 533]"
KYOw02772,B1,4,26474,0.3616123260165822,73211,73211,8,0.3616123260165822,False,"[7491, 21222, 3830, 26474, 4747, 3826, 5088, 533]"
KYOw02772,B1,5,4747,0.06483998306265452,73211,73211,8,0.3616123260165822,False,"[7491, 21222, 3830, 26474, 4747, 3826, 5088, 533]"
KYOw02772,B1,3,3830,0.05231454289655926,73211,73211,8,0.3616123260165822,False,"[7491, 21222, 3830, 26474, 4747, 3826, 5088, 533]"
KYOw02772,B1,7,5088,0.06949775306989386,73211,73211,8,0.3616123260165822,False,"[7491, 21222, 3830, 26474, 4747, 3826, 5088, 533]"
KYOw02772,B1,2,21222,0.2898744724153474,73211,73211,8,0.3616123260165822,False,"[7491, 21222, 3830, 26474, 4747, 3826, 5088, 533]"
KYOw02772,B1,8,533,0.007280326726857985,73211,73211,8,0.3616123260165822,False,"[7491, 21222, 3830, 26474, 4747, 3826, 5088, 533]"
KYOw02773,B1,1,748,0.014215667642251701,52618,52618,8,0.8517617545326694,False,"[748, 44818, 596, 2474, 207, 706, 2367, 702]"
KYOw02773,B1,6,706,0.013417461705119921,52618,52618,8,0.8517617545326694,False,"[748, 44818, 596, 2474, 207, 706, 2367, 702]"
KYOw02773,B1,4,2474,0.04701813067771485,52618,52618,8,0.8517617545326694,False,"[748, 44818, 596, 2474, 207, 706, 2367, 702]"
KYOw02773,B1,5,207,0.003934014975863773,52618,52618,8,0.8517617545326694,False,"[748, 44818, 596, 2474, 207, 706, 2367, 702]"
KYOw02773,B1,3,596,0.01132692234596526,52618,52618,8,0.8517617545326694,False,"[748, 44818, 596, 2474, 207, 706, 2367, 702]"
KYOw02773,B1,7,2367,0.044984606028355315,52618,52618,8,0.8517617545326694,False,"[748, 44818, 596, 2474, 207, 706, 2367, 702]"
KYOw02773,B1,2,44818,0.8517617545326694,52618,52618,8,0.8517617545326694,False,"[748, 44818, 596, 2474, 207, 706, 2367, 702]"
KYOw02773,B1,8,702,0.01334144209205975,52618,52618,8,0.8517617545326694,False,"[748, 44818, 596, 2474, 207, 706, 2367, 702]"
KYOw02774,B1,1,4098,0.10527397436226783,38927,38927,8,0.4560330875741773,False,"[4098, 17752, 3324, 1566, 3599, 7023, 320, 1245]"
KYOw02774,B1,6,7023,0.18041462224163177,38927,38927,8,0.4560330875741773,False,"[4098, 17752, 3324, 1566, 3599, 7023, 320, 1245]"
KYOw02774,B1,4,1566,0.04022914686464408,38927,38927,8,0.4560330875741773,False,"[4098, 17752, 3324, 1566, 3599, 7023, 320, 1245]"
KYOw02774,B1,5,3599,0.09245510827960028,38927,38927,8,0.4560330875741773,False,"[4098, 17752, 3324, 1566, 3599, 7023, 320, 1245]"
KYOw02774,B1,3,3324,0.08539060292342077,38927,38927,8,0.4560330875741773,False,"[4098, 17752, 3324, 1566, 3599, 7023, 320, 1245]"
KYOw02774,B1,7,320,0.008220515323554346,38927,38927,8,0.4560330875741773,False,"[4098, 17752, 3324, 1566, 3599, 7023, 320, 1245]"
KYOw02774,B1,2,17752,0.4560330875741773,38927,38927,8,0.4560330875741773,False,"[4098, 17752, 3324, 1566, 3599, 7023, 320, 1245]"
KYOw02774,B1,8,1245,0.031982942430703626,38927,38927,8,0.4560330875741773,False,"[4098, 17752, 3324, 1566, 3599, 7023, 320, 1245]"
KYOw02775,B1,1,836,0.01616864906682139,51705,51705,8,0.4720433226960642,False,"[836, 7361, 6220, 24407, 390, 127, 11289, 1075]"
KYOw02775,B1,6,127,0.002456242142926216,51705,51705,8,0.4720433226960642,False,"[836, 7361, 6220, 24407, 390, 127, 11289, 1075]"
KYOw02775,B1,4,24407,0.4720433226960642,51705,51705,8,0.4720433226960642,False,"[836, 7361, 6220, 24407, 390, 127, 11289, 1075]"
KYOw02775,B1,5,390,0.007542790832608065,51705,51705,8,0.4720433226960642,False,"[836, 7361, 6220, 24407, 390, 127, 11289, 1075]"
KYOw02775,B1,3,6220,0.12029784353544144,51705,51705,8,0.4720433226960642,False,"[836, 7361, 6220, 24407, 390, 127, 11289, 1075]"
KYOw02775,B1,7,11289,0.2183347838700319,51705,51705,8,0.4720433226960642,False,"[836, 7361, 6220, 24407, 390, 127, 11289, 1075]"
KYOw02775,B1,2,7361,0.14236534184314864,51705,51705,8,0.4720433226960642,False,"[836, 7361, 6220, 24407, 390, 127, 11289, 1075]"
KYOw02775,B1,8,1075,0.02079102601295813,51705,51705,8,0.4720433226960642,False,"[836, 7361, 6220, 24407, 390, 127, 11289, 1075]"
KYOw02776,B1,1,11309,0.12362940694178737,91475,91475,8,0.3306477179557256,False,"[11309, 6095, 29070, 30246, 11999, 1357, 871, 528]"
KYOw02776,B1,6,1357,0.014834654277124897,91475,91475,8,0.3306477179557256,False,"[11309, 6095, 29070, 30246, 11999, 1357, 871, 528]"
KYOw02776,B1,4,30246,0.3306477179557256,91475,91475,8,0.3306477179557256,False,"[11309, 6095, 29070, 30246, 11999, 1357, 871, 528]"
KYOw02776,B1,5,11999,0.131172451489478,91475,91475,8,0.3306477179557256,False,"[11309, 6095, 29070, 30246, 11999, 1357, 871, 528]"
KYOw02776,B1,3,29070,0.31779174637879204,91475,91475,8,0.3306477179557256,False,"[11309, 6095, 29070, 30246, 11999, 1357, 871, 528]"
KYOw02776,B1,7,871,0.009521727247881934,91475,91475,8,0.3306477179557256,False,"[11309, 6095, 29070, 30246, 11999, 1357, 871, 528]"
KYOw02776,B1,2,6095,0.06663022683793386,91475,91475,8,0.3306477179557256,False,"[11309, 6095, 29070, 30246, 11999, 1357, 871, 528]"
KYOw02776,B1,8,528,0.0057720688712763054,91475,91475,8,0.3306477179557256,False,"[11309, 6095, 29070, 30246, 11999, 1357, 871, 528]"
KYOw02777,B1,1,26047,0.2140491589076894,121687,121687,8,0.3661771594336289,False,"[26047, 11395, 44559, 8170, 27856, 1917, 728, 1015]"
KYOw02777,B1,6,1917,0.015753531601567956,121687,121687,8,0.3661771594336289,False,"[26047, 11395, 44559, 8170, 27856, 1917, 728, 1015]"
KYOw02777,B1,4,8170,0.06713946436348994,121687,121687,8,0.3661771594336289,False,"[26047, 11395, 44559, 8170, 27856, 1917, 728, 1015]"
KYOw02777,B1,5,27856,0.22891516760212677,121687,121687,8,0.3661771594336289,False,"[26047, 11395, 44559, 8170, 27856, 1917, 728, 1015]"
KYOw02777,B1,3,44559,0.3661771594336289,121687,121687,8,0.3661771594336289,False,"[26047, 11395, 44559, 8170, 27856, 1917, 728, 1015]"
KYOw02777,B1,7,728,0.005982561818435823,121687,121687,8,0.3661771594336289,False,"[26047, 11395, 44559, 8170, 27856, 1917, 728, 1015]"
KYOw02777,B1,2,11395,0.0936418845069728,121687,121687,8,0.3661771594336289,False,"[26047, 11395, 44559, 8170, 27856, 1917, 728, 1015]"
KYOw02777,B1,8,1015,0.008341071766088407,121687,121687,8,0.3661771594336289,False,"[26047, 11395, 44559, 8170, 27856, 1917, 728, 1015]"
KYOw02780,B1,1,8011,0.14187801076792292,56464,56464,8,0.3633819778974214,False,"[8011, 20518, 8229, 426, 9662, 8417, 88, 1113]"
KYOw02780,B1,6,8417,0.14906843298384811,56464,56464,8,0.3633819778974214,False,"[8011, 20518, 8229, 426, 9662, 8417, 88, 1113]"
KYOw02780,B1,4,426,0.007544630206857467,56464,56464,8,0.3633819778974214,False,"[8011, 20518, 8229, 426, 9662, 8417, 88, 1113]"
KYOw02780,B1,5,9662,0.17111788041938225,56464,56464,8,0.3633819778974214,False,"[8011, 20518, 8229, 426, 9662, 8417, 88, 1113]"
KYOw02780,B1,3,8229,0.14573887786908474,56464,56464,8,0.3633819778974214,False,"[8011, 20518, 8229, 426, 9662, 8417, 88, 1113]"
KYOw02780,B1,7,88,0.0015585151601020118,56464,56464,8,0.3633819778974214,False,"[8011, 20518, 8229, 426, 9662, 8417, 88, 1113]"
KYOw02780,B1,2,20518,0.3633819778974214,56464,56464,8,0.3633819778974214,False,"[8011, 20518, 8229, 426, 9662, 8417, 88, 1113]"
KYOw02780,B1,8,1113,0.019711674695381126,56464,56464,8,0.3633819778974214,False,"[8011, 20518, 8229, 426, 9662, 8417, 88, 1113]"
KYOw02783,B1,1,14713,0.17470137025339,84218,84218,8,0.38960792229689617,False,"[14713, 32812, 15970, 2633, 8759, 4193, 2420, 2718]"
KYOw02783,B1,6,4193,0.04978745636324776,84218,84218,8,0.38960792229689617,False,"[14713, 32812, 15970, 2633, 8759, 4193, 2420, 2718]"
KYOw02783,B1,4,2633,0.03126410031109739,84218,84218,8,0.38960792229689617,False,"[14713, 32812, 15970, 2633, 8759, 4193, 2420, 2718]"
KYOw02783,B1,5,8759,0.10400389465434942,84218,84218,8,0.38960792229689617,False,"[14713, 32812, 15970, 2633, 8759, 4193, 2420, 2718]"
KYOw02783,B1,3,15970,0.18962692061079578,84218,84218,8,0.38960792229689617,False,"[14713, 32812, 15970, 2633, 8759, 4193, 2420, 2718]"
KYOw02783,B1,7,2420,0.02873494977320763,84218,84218,8,0.38960792229689617,False,"[14713, 32812, 15970, 2633, 8759, 4193, 2420, 2718]"
KYOw02783,B1,2,32812,0.38960792229689617,84218,84218,8,0.38960792229689617,False,"[14713, 32812, 15970, 2633, 8759, 4193, 2420, 2718]"
KYOw02783,B1,8,2718,0.03227338573701584,84218,84218,8,0.38960792229689617,False,"[14713, 32812, 15970, 2633, 8759, 4193, 2420, 2718]"
KYOw02784,B1,1,37561,0.3195348322827076,117549,117549,8,0.3195348322827076,False,"[37561, 25052, 20409, 1845, 25921, 1804, 3418, 1539]"
KYOw02784,B1,6,1804,0.015346791550757556,117549,117549,8,0.3195348322827076,False,"[37561, 25052, 20409, 1845, 25921, 1804, 3418, 1539]"
KYOw02784,B1,4,1845,0.015695582267820227,117549,117549,8,0.3195348322827076,False,"[37561, 25052, 20409, 1845, 25921, 1804, 3418, 1539]"
KYOw02784,B1,5,25921,0.22051229699954913,117549,117549,8,0.3195348322827076,False,"[37561, 25052, 20409, 1845, 25921, 1804, 3418, 1539]"
KYOw02784,B1,3,20409,0.17362121328126995,117549,117549,8,0.3195348322827076,False,"[37561, 25052, 20409, 1845, 25921, 1804, 3418, 1539]"
KYOw02784,B1,7,3418,0.029077235876102732,117549,117549,8,0.3195348322827076,False,"[37561, 25052, 20409, 1845, 25921, 1804, 3418, 1539]"
KYOw02784,B1,2,25052,0.2131196352159525,117549,117549,8,0.3195348322827076,False,"[37561, 25052, 20409, 1845, 25921, 1804, 3418, 1539]"
KYOw02784,B1,8,1539,0.013092412525840287,117549,117549,8,0.3195348322827076,False,"[37561, 25052, 20409, 1845, 25921, 1804, 3418, 1539]"
KYOw02787,B1,1,34993,0.3280060740129729,106684,106684,8,0.40391248922050166,False,"[34993, 43091, 8659, 3732, 11414, 1606, 2539, 650]"
KYOw02787,B1,6,1606,0.015053803756889505,106684,106684,8,0.40391248922050166,False,"[34993, 43091, 8659, 3732, 11414, 1606, 2539, 650]"
KYOw02787,B1,4,3732,0.03498181545498857,106684,106684,8,0.40391248922050166,False,"[34993, 43091, 8659, 3732, 11414, 1606, 2539, 650]"
KYOw02787,B1,5,11414,0.1069888643095497,106684,106684,8,0.40391248922050166,False,"[34993, 43091, 8659, 3732, 11414, 1606, 2539, 650]"
KYOw02787,B1,3,8659,0.08116493569794908,106684,106684,8,0.40391248922050166,False,"[34993, 43091, 8659, 3732, 11414, 1606, 2539, 650]"
KYOw02787,B1,7,2539,0.023799257620636647,106684,106684,8,0.40391248922050166,False,"[34993, 43091, 8659, 3732, 11414, 1606, 2539, 650]"
KYOw02787,B1,2,43091,0.40391248922050166,106684,106684,8,0.40391248922050166,False,"[34993, 43091, 8659, 3732, 11414, 1606, 2539, 650]"
KYOw02787,B1,8,650,0.0060927599265119415,106684,106684,8,0.40391248922050166,False,"[34993, 43091, 8659, 3732, 11414, 1606, 2539, 650]"
KYOw02788,B1,1,0,0.0,112294,112294,5,0.9909790371702851,False,"[0, 10, 72, 111281, 0, 0, 919, 12]"
KYOw02788,B1,6,0,0.0,112294,112294,5,0.9909790371702851,False,"[0, 10, 72, 111281, 0, 0, 919, 12]"
KYOw02788,B1,4,111281,0.9909790371702851,112294,112294,5,0.9909790371702851,False,"[0, 10, 72, 111281, 0, 0, 919, 12]"
KYOw02788,B1,5,0,0.0,112294,112294,5,0.9909790371702851,False,"[0, 10, 72, 111281, 0, 0, 919, 12]"
KYOw02788,B1,3,72,0.0006411740609471566,112294,112294,5,0.9909790371702851,False,"[0, 10, 72, 111281, 0, 0, 919, 12]"
KYOw02788,B1,7,919,0.008183874472367179,112294,112294,5,0.9909790371702851,False,"[0, 10, 72, 111281, 0, 0, 919, 12]"
KYOw02788,B1,2,10,8.90519529093273e-05,112294,112294,5,0.9909790371702851,False,"[0, 10, 72, 111281, 0, 0, 919, 12]"
KYOw02788,B1,8,12,0.00010686234349119276,112294,112294,5,0.9909790371702851,False,"[0, 10, 72, 111281, 0, 0, 919, 12]"
KYOw02789,B1,1,0,0.0,125946,125946,2,0.9999920600892446,False,"[0, 0, 0, 125945, 0, 0, 1, 0]"
KYOw02789,B1,6,0,0.0,125946,125946,2,0.9999920600892446,False,"[0, 0, 0, 125945, 0, 0, 1, 0]"
KYOw02789,B1,4,125945,0.9999920600892446,125946,125946,2,0.9999920600892446,False,"[0, 0, 0, 125945, 0, 0, 1, 0]"
KYOw02789,B1,5,0,0.0,125946,125946,2,0.9999920600892446,False,"[0, 0, 0, 125945, 0, 0, 1, 0]"
KYOw02789,B1,3,0,0.0,125946,125946,2,0.9999920600892446,False,"[0, 0, 0, 125945, 0, 0, 1, 0]"
KYOw02789,B1,7,1,7.939910755403109e-06,125946,125946,2,0.9999920600892446,False,"[0, 0, 0, 125945, 0, 0, 1, 0]"
KYOw02789,B1,2,0,0.0,125946,125946,2,0.9999920600892446,False,"[0, 0, 0, 125945, 0, 0, 1, 0]"
KYOw02789,B1,8,0,0.0,125946,125946,2,0.9999920600892446,False,"[0, 0, 0, 125945, 0, 0, 1, 0]"
KYOw02790,B1,1,0,0.0,26249,26249,4,0.8686045182673625,False,"[0, 0, 326, 22800, 0, 0, 2707, 416]"
KYOw02790,B1,6,0,0.0,26249,26249,4,0.8686045182673625,False,"[0, 0, 326, 22800, 0, 0, 2707, 416]"
KYOw02790,B1,4,22800,0.8686045182673625,26249,26249,4,0.8686045182673625,False,"[0, 0, 326, 22800, 0, 0, 2707, 416]"
KYOw02790,B1,5,0,0.0,26249,26249,4,0.8686045182673625,False,"[0, 0, 326, 22800, 0, 0, 2707, 416]"
KYOw02790,B1,3,326,0.012419520743647376,26249,26249,4,0.8686045182673625,False,"[0, 0, 326, 22800, 0, 0, 2707, 416]"
KYOw02790,B1,7,2707,0.10312773819955046,26249,26249,4,0.8686045182673625,False,"[0, 0, 326, 22800, 0, 0, 2707, 416]"
KYOw02790,B1,2,0,0.0,26249,26249,4,0.8686045182673625,False,"[0, 0, 326, 22800, 0, 0, 2707, 416]"
KYOw02790,B1,8,416,0.0158482227894396,26249,26249,4,0.8686045182673625,False,"[0, 0, 326, 22800, 0, 0, 2707, 416]"
KYOw16662,B1,1,14971,0.30599897802759324,48925,48925,8,0.30599897802759324,False,"[14971, 12274, 5663, 2303, 11540, 1768, 135, 271]"
KYOw16662,B1,6,1768,0.03613694430250383,48925,48925,8,0.30599897802759324,False,"[14971, 12274, 5663, 2303, 11540, 1768, 135, 271]"
KYOw16662,B1,4,2303,0.047072049054675526,48925,48925,8,0.30599897802759324,False,"[14971, 12274, 5663, 2303, 11540, 1768, 135, 271]"
KYOw16662,B1,5,11540,0.23587123147675013,48925,48925,8,0.30599897802759324,False,"[14971, 12274, 5663, 2303, 11540, 1768, 135, 271]"
KYOw16662,B1,3,5663,0.11574859478794072,48925,48925,8,0.30599897802759324,False,"[14971, 12274, 5663, 2303, 11540, 1768, 135, 271]"
KYOw16662,B1,7,135,0.0027593254982115484,48925,48925,8,0.30599897802759324,False,"[14971, 12274, 5663, 2303, 11540, 1768, 135, 271]"
KYOw16662,B1,2,12274,0.250873786407767,48925,48925,8,0.30599897802759324,False,"[14971, 12274, 5663, 2303, 11540, 1768, 135, 271]"
KYOw16662,B1,8,271,0.005539090444557997,48925,48925,8,0.30599897802759324,False,"[14971, 12274, 5663, 2303, 11540, 1768, 135, 271]"
KYOw16666,B1,1,175,0.002999760019198464,58338,58338,8,0.5042853714559978,False,"[175, 29419, 1164, 1961, 8, 19836, 244, 5531]"
KYOw16666,B1,6,19836,0.3400185128046899,58338,58338,8,0.5042853714559978,False,"[175, 29419, 1164, 1961, 8, 19836, 244, 5531]"
KYOw16666,B1,4,1961,0.03361445370084679,58338,58338,8,0.5042853714559978,False,"[175, 29419, 1164, 1961, 8, 19836, 244, 5531]"
KYOw16666,B1,5,8,0.00013713188659192978,58338,58338,8,0.5042853714559978,False,"[175, 29419, 1164, 1961, 8, 19836, 244, 5531]"
KYOw16666,B1,3,1164,0.019952689499125785,58338,58338,8,0.5042853714559978,False,"[175, 29419, 1164, 1961, 8, 19836, 244, 5531]"
KYOw16666,B1,7,244,0.004182522541053858,58338,58338,8,0.5042853714559978,False,"[175, 29419, 1164, 1961, 8, 19836, 244, 5531]"
KYOw16666,B1,2,29419,0.5042853714559978,58338,58338,8,0.5042853714559978,False,"[175, 29419, 1164, 1961, 8, 19836, 244, 5531]"
KYOw16666,B1,8,5531,0.09480955809249546,58338,58338,8,0.5042853714559978,False,"[175, 29419, 1164, 1961, 8, 19836, 244, 5531]"
KYOw16700,B1,1,9801,0.17807696500599585,55038,55038,8,0.6591809295395908,False,"[9801, 36280, 1534, 1563, 1045, 1257, 1882, 1676]"
KYOw16700,B1,6,1257,0.022838765943529925,55038,55038,8,0.6591809295395908,False,"[9801, 36280, 1534, 1563, 1045, 1257, 1882, 1676]"
KYOw16700,B1,4,1563,0.028398560994222173,55038,55038,8,0.6591809295395908,False,"[9801, 36280, 1534, 1563, 1045, 1257, 1882, 1676]"
KYOw16700,B1,5,1045,0.018986881790762744,55038,55038,8,0.6591809295395908,False,"[9801, 36280, 1534, 1563, 1045, 1257, 1882, 1676]"
KYOw16700,B1,3,1534,0.027871652312947418,55038,55038,8,0.6591809295395908,False,"[9801, 36280, 1534, 1563, 1045, 1257, 1882, 1676]"
KYOw16700,B1,7,1882,0.03419455648824449,55038,55038,8,0.6591809295395908,False,"[9801, 36280, 1534, 1563, 1045, 1257, 1882, 1676]"
KYOw16700,B1,2,36280,0.6591809295395908,55038,55038,8,0.6591809295395908,False,"[9801, 36280, 1534, 1563, 1045, 1257, 1882, 1676]"
KYOw16700,B1,8,1676,0.030451687924706566,55038,55038,8,0.6591809295395908,False,"[9801, 36280, 1534, 1563, 1045, 1257, 1882, 1676]"
KYOw16702,B1,1,6,0.00017678776628657296,33939,33939,8,0.2966793364565839,False,"[6, 5062, 2716, 10069, 20, 170, 8234, 7662]"
KYOw16702,B1,6,170,0.005008986711452901,33939,33939,8,0.2966793364565839,False,"[6, 5062, 2716, 10069, 20, 170, 8234, 7662]"
KYOw16702,B1,4,10069,0.2966793364565839,33939,33939,8,0.2966793364565839,False,"[6, 5062, 2716, 10069, 20, 170, 8234, 7662]"
KYOw16702,B1,5,20,0.0005892925542885766,33939,33939,8,0.2966793364565839,False,"[6, 5062, 2716, 10069, 20, 170, 8234, 7662]"
KYOw16702,B1,3,2716,0.0800259288723887,33939,33939,8,0.2966793364565839,False,"[6, 5062, 2716, 10069, 20, 170, 8234, 7662]"
KYOw16702,B1,7,8234,0.24261174460060697,33939,33939,8,0.2966793364565839,False,"[6, 5062, 2716, 10069, 20, 170, 8234, 7662]"
KYOw16702,B1,2,5062,0.14914994549043872,33939,33939,8,0.2966793364565839,False,"[6, 5062, 2716, 10069, 20, 170, 8234, 7662]"
KYOw16702,B1,8,7662,0.22575797754795368,33939,33939,8,0.2966793364565839,False,"[6, 5062, 2716, 10069, 20, 170, 8234, 7662]"
KYOw16711,B1,1,12378,0.1509291323220992,82012,82012,8,0.3208798712383554,False,"[12378, 26316, 3415, 24624, 3174, 1049, 9876, 1180]"
KYOw16711,B1,6,1049,0.012790811100814516,82012,82012,8,0.3208798712383554,False,"[12378, 26316, 3415, 24624, 3174, 1049, 9876, 1180]"
KYOw16711,B1,4,24624,0.30024874408623126,82012,82012,8,0.3208798712383554,False,"[12378, 26316, 3415, 24624, 3174, 1049, 9876, 1180]"
KYOw16711,B1,5,3174,0.03870165341657318,82012,82012,8,0.3208798712383554,False,"[12378, 26316, 3415, 24624, 3174, 1049, 9876, 1180]"
KYOw16711,B1,3,3415,0.04164024776861923,82012,82012,8,0.3208798712383554,False,"[12378, 26316, 3415, 24624, 3174, 1049, 9876, 1180]"
KYOw16711,B1,7,9876,0.12042140174608594,82012,82012,8,0.3208798712383554,False,"[12378, 26316, 3415, 24624, 3174, 1049, 9876, 1180]"
KYOw16711,B1,2,26316,0.3208798712383554,82012,82012,8,0.3208798712383554,False,"[12378, 26316, 3415, 24624, 3174, 1049, 9876, 1180]"
KYOw16711,B1,8,1180,0.014388138321221284,82012,82012,8,0.3208798712383554,False,"[12378, 26316, 3415, 24624, 3174, 1049, 9876, 1180]"
KYOw16714,B1,1,10781,0.23372428295792053,46127,46127,8,0.36087324126867126,False,"[10781, 16646, 4834, 1857, 6217, 2374, 867, 2551]"
KYOw16714,B1,6,2374,0.051466603074121445,46127,46127,8,0.36087324126867126,False,"[10781, 16646, 4834, 1857, 6217, 2374, 867, 2551]"
KYOw16714,B1,4,1857,0.04025841697920957,46127,46127,8,0.36087324126867126,False,"[10781, 16646, 4834, 1857, 6217, 2374, 867, 2551]"
KYOw16714,B1,5,6217,0.13478006373707374,46127,46127,8,0.36087324126867126,False,"[10781, 16646, 4834, 1857, 6217, 2374, 867, 2551]"
KYOw16714,B1,3,4834,0.10479762395126499,46127,46127,8,0.36087324126867126,False,"[10781, 16646, 4834, 1857, 6217, 2374, 867, 2551]"
KYOw16714,B1,7,867,0.018795932967676197,46127,46127,8,0.36087324126867126,False,"[10781, 16646, 4834, 1857, 6217, 2374, 867, 2551]"
KYOw16714,B1,2,16646,0.36087324126867126,46127,46127,8,0.36087324126867126,False,"[10781, 16646, 4834, 1857, 6217, 2374, 867, 2551]"
KYOw16714,B1,8,2551,0.055303835064062265,46127,46127,8,0.36087324126867126,False,"[10781, 16646, 4834, 1857, 6217, 2374, 867, 2551]"
KYOw16716,B1,1,33280,0.4157090036974118,80056,80056,8,0.4157090036974118,False,"[33280, 26323, 5268, 2967, 7641, 2603, 855, 1119]"
KYOw16716,B1,6,2603,0.032514739682222446,80056,80056,8,0.4157090036974118,False,"[33280, 26323, 5268, 2967, 7641, 2603, 855, 1119]"
KYOw16716,B1,4,2967,0.037061556910162885,80056,80056,8,0.4157090036974118,False,"[33280, 26323, 5268, 2967, 7641, 2603, 855, 1119]"
KYOw16716,B1,5,7641,0.09544568801838713,80056,80056,8,0.4157090036974118,False,"[33280, 26323, 5268, 2967, 7641, 2603, 855, 1119]"
KYOw16716,B1,3,5268,0.06580393724392924,80056,80056,8,0.4157090036974118,False,"[33280, 26323, 5268, 2967, 7641, 2603, 855, 1119]"
KYOw16716,B1,7,855,0.010680023983211752,80056,80056,8,0.4157090036974118,False,"[33280, 26323, 5268, 2967, 7641, 2603, 855, 1119]"
KYOw16716,B1,2,26323,0.3288073348655941,80056,80056,8,0.4157090036974118,False,"[33280, 26323, 5268, 2967, 7641, 2603, 855, 1119]"
KYOw16716,B1,8,1119,0.013977715599080644,80056,80056,8,0.4157090036974118,False,"[33280, 26323, 5268, 2967, 7641, 2603, 855, 1119]"
KYOw16719,B1,1,13339,0.16367473649336786,81497,81497,8,0.5328785108654306,False,"[13339, 1402, 20677, 2183, 43428, 218, 96, 154]"
KYOw16719,B1,6,218,0.002674945090003313,81497,81497,8,0.5328785108654306,False,"[13339, 1402, 20677, 2183, 43428, 218, 96, 154]"
KYOw16719,B1,4,2183,0.026786262070996478,81497,81497,8,0.5328785108654306,False,"[13339, 1402, 20677, 2183, 43428, 218, 96, 154]"
KYOw16719,B1,5,43428,0.5328785108654306,81497,81497,8,0.5328785108654306,False,"[13339, 1402, 20677, 2183, 43428, 218, 96, 154]"
KYOw16719,B1,3,20677,0.2537148606697179,81497,81497,8,0.5328785108654306,False,"[13339, 1402, 20677, 2183, 43428, 218, 96, 154]"
KYOw16719,B1,7,96,0.0011779574708271471,81497,81497,8,0.5328785108654306,False,"[13339, 1402, 20677, 2183, 43428, 218, 96, 154]"
KYOw16719,B1,2,1402,0.01720308723020479,81497,81497,8,0.5328785108654306,False,"[13339, 1402, 20677, 2183, 43428, 218, 96, 154]"
KYOw16719,B1,8,154,0.0018896401094518817,81497,81497,8,0.5328785108654306,False,"[13339, 1402, 20677, 2183, 43428, 218, 96, 154]"
KYOw16737,B1,1,2277,0.03466122722360069,65693,65693,8,0.3780311448708386,False,"[2277, 11548, 24834, 9688, 2360, 394, 11974, 2618]"
KYOw16737,B1,6,394,0.005997594873121946,65693,65693,8,0.3780311448708386,False,"[2277, 11548, 24834, 9688, 2360, 394, 11974, 2618]"
KYOw16737,B1,4,9688,0.14747385566194268,65693,65693,8,0.3780311448708386,False,"[2277, 11548, 24834, 9688, 2360, 394, 11974, 2618]"
KYOw16737,B1,5,2360,0.035924679950679675,65693,65693,8,0.3780311448708386,False,"[2277, 11548, 24834, 9688, 2360, 394, 11974, 2618]"
KYOw16737,B1,3,24834,0.3780311448708386,65693,65693,8,0.3780311448708386,False,"[2277, 11548, 24834, 9688, 2360, 394, 11974, 2618]"
KYOw16737,B1,7,11974,0.18227208378366036,65693,65693,8,0.3780311448708386,False,"[2277, 11548, 24834, 9688, 2360, 394, 11974, 2618]"
KYOw16737,B1,2,11548,0.17578737460612243,65693,65693,8,0.3780311448708386,False,"[2277, 11548, 24834, 9688, 2360, 394, 11974, 2618]"
KYOw16737,B1,8,2618,0.03985203903003364,65693,65693,8,0.3780311448708386,False,"[2277, 11548, 24834, 9688, 2360, 394, 11974, 2618]"
KYOw16744,B1,1,1975,0.018142068471381462,108863,108863,8,0.2995599974279599,False,"[1975, 32611, 12629, 10778, 2194, 15335, 13068, 20273]"
KYOw16744,B1,6,15335,0.14086512405500493,108863,108863,8,0.2995599974279599,False,"[1975, 32611, 12629, 10778, 2194, 15335, 13068, 20273]"
KYOw16744,B1,4,10778,0.09900517163774653,108863,108863,8,0.2995599974279599,False,"[1975, 32611, 12629, 10778, 2194, 15335, 13068, 20273]"
KYOw16744,B1,5,2194,0.020153771253777684,108863,108863,8,0.2995599974279599,False,"[1975, 32611, 12629, 10778, 2194, 15335, 13068, 20273]"
KYOw16744,B1,3,12629,0.11600819378484885,108863,108863,8,0.2995599974279599,False,"[1975, 32611, 12629, 10778, 2194, 15335, 13068, 20273]"
KYOw16744,B1,7,13068,0.12004078520709516,108863,108863,8,0.2995599974279599,False,"[1975, 32611, 12629, 10778, 2194, 15335, 13068, 20273]"
KYOw16744,B1,2,32611,0.2995599974279599,108863,108863,8,0.2995599974279599,False,"[1975, 32611, 12629, 10778, 2194, 15335, 13068, 20273]"
KYOw16744,B1,8,20273,0.1862248881621855,108863,108863,8,0.2995599974279599,False,"[1975, 32611, 12629, 10778, 2194, 15335, 13068, 20273]"
KYOw16750,B1,1,14885,0.25340914894703687,58739,58739,8,0.47825124704199934,False,"[14885, 28092, 4736, 1644, 4971, 1223, 2352, 836]"
KYOw16750,B1,6,1223,0.020820919661553652,58739,58739,8,0.47825124704199934,False,"[14885, 28092, 4736, 1644, 4971, 1223, 2352, 836]"
KYOw16750,B1,4,1644,0.027988219070804746,58739,58739,8,0.47825124704199934,False,"[14885, 28092, 4736, 1644, 4971, 1223, 2352, 836]"
KYOw16750,B1,5,4971,0.08462861131445888,58739,58739,8,0.47825124704199934,False,"[14885, 28092, 4736, 1644, 4971, 1223, 2352, 836]"
KYOw16750,B1,3,4736,0.08062786223803606,58739,58739,8,0.47825124704199934,False,"[14885, 28092, 4736, 1644, 4971, 1223, 2352, 836]"
KYOw16750,B1,7,2352,0.04004153969253818,58739,58739,8,0.47825124704199934,False,"[14885, 28092, 4736, 1644, 4971, 1223, 2352, 836]"
KYOw16750,B1,2,28092,0.47825124704199934,58739,58739,8,0.47825124704199934,False,"[14885, 28092, 4736, 1644, 4971, 1223, 2352, 836]"
KYOw16750,B1,8,836,0.014232452033572244,58739,58739,8,0.47825124704199934,False,"[14885, 28092, 4736, 1644, 4971, 1223, 2352, 836]"
