sample_id,condition,cluster,pixels,pseudoabsorbance_pixels,pseudoabsorbance_excluded_pixels,pseudoabsorbance_defined
KYOw02702,B1,1,457,457,0,True
KYOw02702,B1,6,22094,22094,0,True
KYOw02702,B1,4,1103,1103,0,True
KYOw02702,B1,5,795,795,0,True
KYOw02702,B1,3,3726,3726,0,True
KYOw02702,B1,7,121,121,0,True
KYOw02702,B1,2,29758,29758,0,True
KYOw02702,B1,8,4760,4760,0,True
KYOw02707,B1,1,1183,1183,0,True
KYOw02707,B1,6,13189,13189,0,True
KYOw02707,B1,4,3238,3238,0,True
KYOw02707,B1,5,524,524,0,True
KYOw02707,B1,3,1851,1851,0,True
KYOw02707,B1,7,1084,1084,0,True
KYOw02707,B1,2,90697,90697,0,True
KYOw02707,B1,8,3312,3312,0,True
KYOw02708,B1,1,11422,11422,0,True
KYOw02708,B1,6,5675,5675,0,True
KYOw02708,B1,4,5967,5967,0,True
KYOw02708,B1,5,1995,1995,0,True
KYOw02708,B1,3,1359,1359,0,True
KYOw02708,B1,7,2670,2670,0,True
KYOw02708,B1,2,74670,74670,0,True
KYOw02708,B1,8,889,889,0,True
KYOw02709,B1,1,1,1,0,True
KYOw02709,B1,6,14673,14673,0,True
KYOw02709,B1,4,5157,5157,0,True
KYOw02709,B1,5,27,27,0,True
KYOw02709,B1,3,1943,1943,0,True
KYOw02709,B1,7,372,372,0,True
KYOw02709,B1,2,4389,4389,0,True
KYOw02709,B1,8,13543,13543,0,True
KYOw02715,B1,1,45643,45643,0,True
KYOw02715,B1,6,598,598,0,True
KYOw02715,B1,4,1031,1031,0,True
KYOw02715,B1,5,11137,11137,0,True
KYOw02715,B1,3,6285,6285,0,True
KYOw02715,B1,7,5,5,0,True
KYOw02715,B1,2,292,292,0,True
KYOw02715,B1,8,133,133,0,True
KYOw02716,B1,1,146,146,0,True
KYOw02716,B1,6,8885,8885,0,True
KYOw02716,B1,4,1915,1915,0,True
KYOw02716,B1,5,117,117,0,True
KYOw02716,B1,3,3254,3254,0,True
KYOw02716,B1,7,16907,16907,0,True
KYOw02716,B1,2,9193,9193,0,True
KYOw02716,B1,8,22382,22382,0,True
KYOw02717,B1,1,39741,39741,0,True
KYOw02717,B1,6,4449,4449,0,True
KYOw02717,B1,4,3918,3918,0,True
KYOw02717,B1,5,4323,4323,0,True
KYOw02717,B1,3,6263,6263,0,True
KYOw02717,B1,7,2518,2518,0,True
KYOw02717,B1,2,17566,17566,0,True
KYOw02717,B1,8,3266,3266,0,True
KYOw02719,B1,1,56123,56123,0,True
KYOw02719,B1,6,2168,2168,0,True
KYOw02719,B1,4,2681,2681,0,True
KYOw02719,B1,5,6035,6035,0,True
KYOw02719,B1,3,3765,3765,0,True
KYOw02719,B1,7,353,353,0,True
KYOw02719,B1,2,5513,5513,0,True
KYOw02719,B1,8,189,189,0,True
KYOw02720,B1,1,69029,69029,0,True
KYOw02720,B1,6,7375,7375,0,True
KYOw02720,B1,4,894,894,0,True
KYOw02720,B1,5,11398,11398,0,True
KYOw02720,B1,3,4935,4935,0,True
KYOw02720,B1,7,147,147,0,True
KYOw02720,B1,2,35513,35513,0,True
KYOw02720,B1,8,1883,1883,0,True
KYOw02751,B1,1,17058,17058,0,True
KYOw02751,B1,6,97,97,0,True
KYOw02751,B1,4,7495,7495,0,True
KYOw02751,B1,5,32231,32231,0,True
KYOw02751,B1,3,13479,13479,0,True
KYOw02751,B1,7,141,141,0,True
KYOw02751,B1,2,855,855,0,True
KYOw02751,B1,8,113,113,0,True
KYOw02752,B1,1,18616,18616,0,True
KYOw02752,B1,6,27447,27447,0,True
KYOw02752,B1,4,7295,7295,0,True
KYOw02752,B1,5,10928,10928,0,True
KYOw02752,B1,3,9613,9613,0,True
KYOw02752,B1,7,1740,1740,0,True
KYOw02752,B1,2,33067,33067,0,True
KYOw02752,B1,8,8487,8486,1,True
KYOw02754,B1,1,11278,11278,0,True
KYOw02754,B1,6,1995,1995,0,True
KYOw02754,B1,4,2304,2304,0,True
KYOw02754,B1,5,12107,12107,0,True
KYOw02754,B1,3,12706,12706,0,True
KYOw02754,B1,7,331,331,0,True
KYOw02754,B1,2,4526,4526,0,True
KYOw02754,B1,8,1995,1995,0,True
KYOw02756,B1,1,29570,29570,0,True
KYOw02756,B1,6,2695,2695,0,True
KYOw02756,B1,4,6417,6417,0,True
KYOw02756,B1,5,26408,26408,0,True
KYOw02756,B1,3,16184,16184,0,True
KYOw02756,B1,7,542,542,0,True
KYOw02756,B1,2,18046,18046,0,True
KYOw02756,B1,8,1245,1245,0,True
KYOw02758,B1,1,203,203,0,True
KYOw02758,B1,6,4442,4442,0,True
KYOw02758,B1,4,12811,12811,0,True
KYOw02758,B1,5,191,191,0,True
KYOw02758,B1,3,3947,3947,0,True
KYOw02758,B1,7,14685,14685,0,True
KYOw02758,B1,2,12197,12197,0,True
KYOw02758,B1,8,23803,23803,0,True
KYOw02759,B1,1,21769,21769,0,True
KYOw02759,B1,6,9776,9776,0,True
KYOw02759,B1,4,4234,4234,0,True
KYOw02759,B1,5,5994,5994,0,True
KYOw02759,B1,3,3322,3322,0,True
KYOw02759,B1,7,693,693,0,True
KYOw02759,B1,2,26851,26851,0,True
KYOw02759,B1,8,1827,1827,0,True
KYOw02760,B1,1,3975,3975,0,True
KYOw02760,B1,6,10785,10785,0,True
KYOw02760,B1,4,581,580,1,True
KYOw02760,B1,5,2009,2009,0,True
KYOw02760,B1,3,2079,2079,0,True
KYOw02760,B1,7,283,283,0,True
KYOw02760,B1,2,28664,28664,0,True
KYOw02760,B1,8,1752,1752,0,True
KYOw02762,B1,1,3,3,0,True
KYOw02762,B1,6,1822,1822,0,True
KYOw02762,B1,4,28973,28972,1,True
KYOw02762,B1,5,2,2,0,True
KYOw02762,B1,3,439,439,0,True
KYOw02762,B1,7,11510,11508,2,True
KYOw02762,B1,2,14611,14611,0,True
KYOw02762,B1,8,10518,10518,0,True
KYOw02763,B1,1,32957,32957,0,True
KYOw02763,B1,6,1014,1014,0,True
KYOw02763,B1,4,8828,8828,0,True
KYOw02763,B1,5,6953,6953,0,True
KYOw02763,B1,3,4853,4853,0,True
KYOw02763,B1,7,3633,3633,0,True
KYOw02763,B1,2,43431,43428,3,True
KYOw02763,B1,8,793,793,0,True
KYOw02764,B1,1,277,277,0,True
KYOw02764,B1,6,24679,24678,1,True
KYOw02764,B1,4,727,727,0,True
KYOw02764,B1,5,82,82,0,True
KYOw02764,B1,3,2109,2109,0,True
KYOw02764,B1,7,222,222,0,True
KYOw02764,B1,2,76437,76434,3,True
KYOw02764,B1,8,1183,1183,0,True
KYOw02766,B1,1,3008,3008,0,True
KYOw02766,B1,6,3182,3182,0,True
KYOw02766,B1,4,16639,16639,0,True
KYOw02766,B1,5,4104,4104,0,True
KYOw02766,B1,3,4665,4665,0,True
KYOw02766,B1,7,1410,1410,0,True
KYOw02766,B1,2,11111,11110,1,True
KYOw02766,B1,8,2057,2057,0,True
KYOw02767,B1,1,8601,8601,0,True
KYOw02767,B1,6,541,541,0,True
KYOw02767,B1,4,10375,10375,0,True
KYOw02767,B1,5,10730,10730,0,True
KYOw02767,B1,3,92543,92543,0,True
KYOw02767,B1,7,2753,2753,0,True
KYOw02767,B1,2,26321,26321,0,True
KYOw02767,B1,8,279,279,0,True
KYOw02768,B1,1,34,34,0,True
KYOw02768,B1,6,0,0,0,False
KYOw02768,B1,4,53290,53289,1,True
KYOw02768,B1,5,17,17,0,True
KYOw02768,B1,3,768,768,0,True
KYOw02768,B1,7,10928,10928,0,True
KYOw02768,B1,2,801,801,0,True
KYOw02768,B1,8,54,54,0,True
KYOw02769,B1,1,65891,65891,0,True
KYOw02769,B1,6,4482,4482,0,True
KYOw02769,B1,4,4896,4896,0,True
KYOw02769,B1,5,14760,14760,0,True
KYOw02769,B1,3,5487,5487,0,True
KYOw02769,B1,7,1789,1789,0,True
KYOw02769,B1,2,62201,62201,0,True
KYOw02769,B1,8,2228,2228,0,True
KYOw02770,B1,1,137,137,0,True
KYOw02770,B1,6,9418,9418,0,True
KYOw02770,B1,4,3483,3483,0,True
KYOw02770,B1,5,57,57,0,True
KYOw02770,B1,3,837,837,0,True
KYOw02770,B1,7,2230,2230,0,True
KYOw02770,B1,2,10282,10282,0,True
KYOw02770,B1,8,6959,6959,0,True
KYOw02771,B1,1,58390,58390,0,True
KYOw02771,B1,6,402,402,0,True
KYOw02771,B1,4,1871,1871,0,True
KYOw02771,B1,5,23997,23997,0,True
KYOw02771,B1,3,8442,8442,0,True
KYOw02771,B1,7,589,589,0,True
KYOw02771,B1,2,20392,20392,0,True
KYOw02771,B1,8,13,13,0,True
KYOw02772,B1,1,7491,7491,0,True
KYOw02772,B1,6,3826,3826,0,True
KYOw02772,B1,4,26474,26474,0,True
KYOw02772,B1,5,4747,4747,0,True
KYOw02772,B1,3,3830,3830,0,True
KYOw02772,B1,7,5088,5088,0,True
KYOw02772,B1,2,21222,21221,1,True
KYOw02772,B1,8,533,533,0,True
KYOw02773,B1,1,748,748,0,True
KYOw02773,B1,6,706,706,0,True
KYOw02773,B1,4,2474,2474,0,True
KYOw02773,B1,5,207,207,0,True
KYOw02773,B1,3,596,596,0,True
KYOw02773,B1,7,2367,2367,0,True
KYOw02773,B1,2,44818,44818,0,True
KYOw02773,B1,8,702,702,0,True
KYOw02774,B1,1,4098,4098,0,True
KYOw02774,B1,6,7023,7023,0,True
KYOw02774,B1,4,1566,1566,0,True
KYOw02774,B1,5,3599,3599,0,True
KYOw02774,B1,3,3324,3324,0,True
KYOw02774,B1,7,320,320,0,True
KYOw02774,B1,2,17752,17750,2,True
KYOw02774,B1,8,1245,1245,0,True
KYOw02775,B1,1,836,836,0,True
KYOw02775,B1,6,127,127,0,True
KYOw02775,B1,4,24407,24407,0,True
KYOw02775,B1,5,390,390,0,True
KYOw02775,B1,3,6220,6220,0,True
KYOw02775,B1,7,11289,11289,0,True
KYOw02775,B1,2,7361,7361,0,True
KYOw02775,B1,8,1075,1075,0,True
KYOw02776,B1,1,11309,11309,0,True
KYOw02776,B1,6,1357,1357,0,True
KYOw02776,B1,4,30246,30246,0,True
KYOw02776,B1,5,11999,11999,0,True
KYOw02776,B1,3,29070,29070,0,True
KYOw02776,B1,7,871,871,0,True
KYOw02776,B1,2,6095,6095,0,True
KYOw02776,B1,8,528,528,0,True
KYOw02777,B1,1,26047,26047,0,True
KYOw02777,B1,6,1917,1917,0,True
KYOw02777,B1,4,8170,8170,0,True
KYOw02777,B1,5,27856,27856,0,True
KYOw02777,B1,3,44559,44559,0,True
KYOw02777,B1,7,728,728,0,True
KYOw02777,B1,2,11395,11395,0,True
KYOw02777,B1,8,1015,1015,0,True
KYOw02780,B1,1,8011,8011,0,True
KYOw02780,B1,6,8417,8416,1,True
KYOw02780,B1,4,426,426,0,True
KYOw02780,B1,5,9662,9662,0,True
KYOw02780,B1,3,8229,8229,0,True
KYOw02780,B1,7,88,88,0,True
KYOw02780,B1,2,20518,20517,1,True
KYOw02780,B1,8,1113,1113,0,True
KYOw02783,B1,1,14713,14713,0,True
KYOw02783,B1,6,4193,4193,0,True
KYOw02783,B1,4,2633,2633,0,True
KYOw02783,B1,5,8759,8759,0,True
KYOw02783,B1,3,15970,15970,0,True
KYOw02783,B1,7,2420,2420,0,True
KYOw02783,B1,2,32812,32812,0,True
KYOw02783,B1,8,2718,2718,0,True
KYOw02784,B1,1,37561,37561,0,True
KYOw02784,B1,6,1804,1804,0,True
KYOw02784,B1,4,1845,1845,0,True
KYOw02784,B1,5,25921,25921,0,True
KYOw02784,B1,3,20409,20409,0,True
KYOw02784,B1,7,3418,3418,0,True
KYOw02784,B1,2,25052,25051,1,True
KYOw02784,B1,8,1539,1539,0,True
KYOw02787,B1,1,34993,34993,0,True
KYOw02787,B1,6,1606,1606,0,True
KYOw02787,B1,4,3732,3732,0,True
KYOw02787,B1,5,11414,11414,0,True
KYOw02787,B1,3,8659,8659,0,True
KYOw02787,B1,7,2539,2539,0,True
KYOw02787,B1,2,43091,43091,0,True
KYOw02787,B1,8,650,650,0,True
KYOw02788,B1,1,0,0,0,False
KYOw02788,B1,6,0,0,0,False
KYOw02788,B1,4,111281,111281,0,True
KYOw02788,B1,5,0,0,0,False
KYOw02788,B1,3,72,72,0,True
KYOw02788,B1,7,919,919,0,True
KYOw02788,B1,2,10,10,0,True
KYOw02788,B1,8,12,12,0,True
KYOw02789,B1,1,0,0,0,False
KYOw02789,B1,6,0,0,0,False
KYOw02789,B1,4,125945,125945,0,True
KYOw02789,B1,5,0,0,0,False
KYOw02789,B1,3,0,0,0,False
KYOw02789,B1,7,1,1,0,True
KYOw02789,B1,2,0,0,0,False
KYOw02789,B1,8,0,0,0,False
KYOw02790,B1,1,0,0,0,False
KYOw02790,B1,6,0,0,0,False
KYOw02790,B1,4,22800,22800,0,True
KYOw02790,B1,5,0,0,0,False
KYOw02790,B1,3,326,326,0,True
KYOw02790,B1,7,2707,2707,0,True
KYOw02790,B1,2,0,0,0,False
KYOw02790,B1,8,416,416,0,True
KYOw16662,B1,1,14971,14971,0,True
KYOw16662,B1,6,1768,1768,0,True
KYOw16662,B1,4,2303,2303,0,True
KYOw16662,B1,5,11540,11540,0,True
KYOw16662,B1,3,5663,5663,0,True
KYOw16662,B1,7,135,135,0,True
KYOw16662,B1,2,12274,12274,0,True
KYOw16662,B1,8,271,271,0,True
KYOw16666,B1,1,175,175,0,True
KYOw16666,B1,6,19836,19836,0,True
KYOw16666,B1,4,1961,1961,0,True
KYOw16666,B1,5,8,8,0,True
KYOw16666,B1,3,1164,1164,0,True
KYOw16666,B1,7,244,244,0,True
KYOw16666,B1,2,29419,29419,0,True
KYOw16666,B1,8,5531,5531,0,True
KYOw16700,B1,1,9801,9801,0,True
KYOw16700,B1,6,1257,1257,0,True
KYOw16700,B1,4,1563,1563,0,True
KYOw16700,B1,5,1045,1045,0,True
KYOw16700,B1,3,1534,1534,0,True
KYOw16700,B1,7,1882,1882,0,True
KYOw16700,B1,2,36280,36280,0,True
KYOw16700,B1,8,1676,1676,0,True
KYOw16702,B1,1,6,6,0,True
KYOw16702,B1,6,170,170,0,True
KYOw16702,B1,4,10069,10069,0,True
KYOw16702,B1,5,20,20,0,True
KYOw16702,B1,3,2716,2716,0,True
KYOw16702,B1,7,8234,8234,0,True
KYOw16702,B1,2,5062,5062,0,True
KYOw16702,B1,8,7662,7662,0,True
KYOw16711,B1,1,12378,12378,0,True
KYOw16711,B1,6,1049,1049,0,True
KYOw16711,B1,4,24624,24624,0,True
KYOw16711,B1,5,3174,3174,0,True
KYOw16711,B1,3,3415,3415,0,True
KYOw16711,B1,7,9876,9876,0,True
KYOw16711,B1,2,26316,26316,0,True
KYOw16711,B1,8,1180,1180,0,True
KYOw16714,B1,1,10781,10781,0,True
KYOw16714,B1,6,2374,2374,0,True
KYOw16714,B1,4,1857,1857,0,True
KYOw16714,B1,5,6217,6217,0,True
KYOw16714,B1,3,4834,4834,0,True
KYOw16714,B1,7,867,867,0,True
KYOw16714,B1,2,16646,16646,0,True
KYOw16714,B1,8,2551,2551,0,True
KYOw16716,B1,1,33280,33280,0,True
KYOw16716,B1,6,2603,2603,0,True
KYOw16716,B1,4,2967,2967,0,True
KYOw16716,B1,5,7641,7641,0,True
KYOw16716,B1,3,5268,5268,0,True
KYOw16716,B1,7,855,855,0,True
KYOw16716,B1,2,26323,26322,1,True
KYOw16716,B1,8,1119,1119,0,True
KYOw16719,B1,1,13339,13339,0,True
KYOw16719,B1,6,218,218,0,True
KYOw16719,B1,4,2183,2183,0,True
KYOw16719,B1,5,43428,43428,0,True
KYOw16719,B1,3,20677,20677,0,True
KYOw16719,B1,7,96,96,0,True
KYOw16719,B1,2,1402,1402,0,True
KYOw16719,B1,8,154,154,0,True
KYOw16737,B1,1,2277,2277,0,True
KYOw16737,B1,6,394,394,0,True
KYOw16737,B1,4,9688,9688,0,True
KYOw16737,B1,5,2360,2360,0,True
KYOw16737,B1,3,24834,24834,0,True
KYOw16737,B1,7,11974,11974,0,True
KYOw16737,B1,2,11548,11548,0,True
KYOw16737,B1,8,2618,2618,0,True
KYOw16744,B1,1,1975,1975,0,True
KYOw16744,B1,6,15335,15335,0,True
KYOw16744,B1,4,10778,10778,0,True
KYOw16744,B1,5,2194,2194,0,True
KYOw16744,B1,3,12629,12629,0,True
KYOw16744,B1,7,13068,13068,0,True
KYOw16744,B1,2,32611,32611,0,True
KYOw16744,B1,8,20273,20273,0,True
KYOw16750,B1,1,14885,14885,0,True
KYOw16750,B1,6,1223,1223,0,True
KYOw16750,B1,4,1644,1644,0,True
KYOw16750,B1,5,4971,4971,0,True
KYOw16750,B1,3,4736,4736,0,True
KYOw16750,B1,7,2352,2352,0,True
KYOw16750,B1,2,28092,28092,0,True
KYOw16750,B1,8,836,836,0,True
